sequence,source_seq
LLQFTEQIRGMIEVLRDAFDQL,LLAFTEQIRGMIEVLRDAFDQL
LLAFGEQIRGMIEVLRDAFDQL,LLAFTEQIRGMIEVLRDAFDQL
LLAFTEQIYGMIEVLRDAFDQL,LLAFTEQIRGMIEVLRDAFDQL
LLAFTEQIRGHIEVLRDAFDQL,LLAFTEQIRGMIEVLRDAFDQL
LLAFTEQIRGMVEVLRDAFDQL,LLAFTEQIRGMIEVLRDAFDQL
LLAFTEQIRGMIERLRDAFDQL,LLAFTEQIRGMIEVLRDAFDQL
LLAFTEQIRGMIEVLRDAFDTL,LLAFTEQIRGMIEVLRDAFDQL
LLAFTEQIRGMIEVLRDAFDNL,LLAFTEQIRGMIEVLRDAFDQL
LLAFTEQIRGMIEVLRDAFDML,LLAFTEQIRGMIEVLRDAFDQL
LLAFTEQIRGMIEVLRDAFDGL,LLAFTEQIRGMIEVLRDAFDQL
LKTLRSFIQKVIGDISRAMDQL,LKKLRSFIQKVIGDISRAMDQL
LKKLRSFIFKVIGDISRAMDQL,LKKLRSFIQKVIGDISRAMDQL
LKKLRSFIQYVIGDISRAMDQL,LKKLRSFIQKVIGDISRAMDQL
LKKLRSFIQKVIGDISRAMQQL,LKKLRSFIQKVIGDISRAMDQL
LKKLRSFIQKVIGDISRAMDQF,LKKLRSFIQKVIGDISRAMDQL
LKKLRSFIQKRIGDISRAMDQL,LKKLRSFIQKVIGDISRAMDQL
LKKLRSFIQKGIGDISRAMDQL,LKKLRSFIQKVIGDISRAMDQL
LKKLRSFIQKCIGDISRAMDQL,LKKLRSFIQKVIGDISRAMDQL
LKKLRSFITKVIGDISRAMDQL,LKKLRSFIQKVIGDISRAMDQL
LKKLRSFIQKVIGDISRACDQL,LKKLRSFIQKVIGDISRAMDQL
RRRVAEAALRLLHELARTFDQM,VRRVAEAALRLLHELARTFDQM
VRRVYEAALRLLHELARTFDQM,VRRVAEAALRLLHELARTFDQM
VRRVASAALRLLHELARTFDQM,VRRVAEAALRLLHELARTFDQM
VRRVAEAALRLLHEWARTFDQM,VRRVAEAALRLLHELARTFDQM
VRRVAEAALRLLHELYRTFDQM,VRRVAEAALRLLHELARTFDQM
VRRGAEAALRLLHELARTFDQM,VRRVAEAALRLLHELARTFDQM
VRRVAEHALRLLHELARTFDQM,VRRVAEAALRLLHELARTFDQM
VRRVAEMALRLLHELARTFDQM,VRRVAEAALRLLHELARTFDQM
VRRVAEYALRLLHELARTFDQM,VRRVAEAALRLLHELARTFDQM
VRRVAEAALRLLHEHARTFDQM,VRRVAEAALRLLHELARTFDQM
LARINGVLQRLLDELARRLDNT,LARINGVLQRLLDELARQLDNT
LARINGVLQRLLDELARMLDNT,LARINGVLQRLLDELARQLDNT
LARINGSLQRLLDELARQLDNT,LARINGVLQRLLDELARQLDNT
LARINGVLQRLLDELARDLDNT,LARINGVLQRLLDELARQLDNT
LARINGVLQRLLDELARCLDNT,LARINGVLQRLLDELARQLDNT
LARINGVLQRLLDELARALDNT,LARINGVLQRLLDELARQLDNT
LARINGVLQRLLDELARLLDNT,LARINGVLQRLLDELARQLDNT
LARINGVLQRLLDELARPLDNT,LARINGVLQRLLDELARQLDNT
LARINGWLQRLLDELARQLDNT,LARINGVLQRLLDELARQLDNT
LARINGVLQRLLDELARILDNT,LARINGVLQRLLDELARQLDNT
LEPLRWGLARRLRPLVETLNAL,LEPLRAGLARRLRPLVETLNAL
LEPLRAQLARRLRPLVETLNAL,LEPLRAGLARRLRPLVETLNAL
LEPLRAGDARRLRPLVETLNAL,LEPLRAGLARRLRPLVETLNAL
LEPLRAGLARRLRPSVETLNAL,LEPLRAGLARRLRPLVETLNAL
LEPLRAGLARRLRPLVFTLNAL,LEPLRAGLARRLRPLVETLNAL
LEPLRAGLARRLRPLVETLNAA,LEPLRAGLARRLRPLVETLNAL
LEPLRAGLARRLRPLVMTLNAL,LEPLRAGLARRLRPLVETLNAL
LEPGRAGLARRLRPLVETLNAL,LEPLRAGLARRLRPLVETLNAL
LEPLRAHLARRLRPLVETLNAL,LEPLRAGLARRLRPLVETLNAL
LEPLRAGLARRLRPHVETLNAL,LEPLRAGLARRLRPLVETLNAL
IYNIQKVLGKVLGRMAENLNRT,IYNIQKVLGKVLGRMAEDLNRT
IYNIQKVLGKVLGRMAEELNRT,IYNIQKVLGKVLGRMAEDLNRT
IYNIQKVLGKVLGRMAERLNRT,IYNIQKVLGKVLGRMAEDLNRT
IYNIQKVLGKVLGRMAECLNRT,IYNIQKVLGKVLGRMAEDLNRT
IYNIQKSLGKVLGRMAEDLNRT,IYNIQKVLGKVLGRMAEDLNRT
IYNIQKVLGKVLGRMAEALNRT,IYNIQKVLGKVLGRMAEDLNRT
IYNIQKVLGKVLGRMAEMLNRT,IYNIQKVLGKVLGRMAEDLNRT
IYNIQKVLGKVLGRMAEQLNRT,IYNIQKVLGKVLGRMAEDLNRT
IYNIQKWLGKVLGRMAEDLNRT,IYNIQKVLGKVLGRMAEDLNRT
IYNIQKVLGKVLGRMAEKLNRT,IYNIQKVLGKVLGRMAEDLNRT
VNPLTRSLSRRMAPLVATLNSF,VNRLTRSLSRRMAPLVATLNSF
VNRLGRSLSRRMAPLVATLNSF,VNRLTRSLSRRMAPLVATLNSF
VNRLTRSLYRRMAPLVATLNSF,VNRLTRSLSRRMAPLVATLNSF
VNRLTRSLSRHMAPLVATLNSF,VNRLTRSLSRRMAPLVATLNSF
VNRLTRSLSRRVAPLVATLNSF,VNRLTRSLSRRMAPLVATLNSF
VNRLTRSLSRRMASLVATLNSF,VNRLTRSLSRRMAPLVATLNSF
VNRLTRSLSRRMAPLVATLNTF,VNRLTRSLSRRMAPLVATLNSF
VNRLTRSLSRRMAPLVATLNNF,VNRLTRSLSRRMAPLVATLNSF
VNRLTRSLSRRMAPLVATLNMF,VNRLTRSLSRRMAPLVATLNSF
VNRLTRSLSRRMAPLVATLNGF,VNRLTRSLSRRMAPLVATLNSF
IRELEQGVNKIVGRLVSRFNRM,IRELEQGVNKIVGRLVSAFNRM
IRELEQTVNKIVGRLVSAFNRM,IRELEQGVNKIVGRLVSAFNRM
IRELEQGVNKIVGRLVSCFNRM,IRELEQGVNKIVGRLVSAFNRM
IRELEQGVNKIVGRLVSMFNRM,IRELEQGVNKIVGRLVSAFNRM
IRELEQGVNKIVGRLVSQFNRM,IRELEQGVNKIVGRLVSAFNRM
IRELEQGVNKIVGRLVSNFNRM,IRELEQGVNKIVGRLVSAFNRM
IRELEQWVNKIVGRLVSAFNRM,IRELEQGVNKIVGRLVSAFNRM
IRELEQGVNKIVGRLVSKFNRM,IRELEQGVNKIVGRLVSAFNRM
IRELEQGVNKIVGRLVSHFNRM,IRELEQGVNKIVGRLVSAFNRM
IRELEQGVNKIVGRLVSEFNRM,IRELEQGVNKIVGRLVSAFNRM
LAQLSELTETVISRLAENYEEL,LRQLSELTETVISRLAENYEEL
LRQHSELTETVISRLAENYEEL,LRQLSELTETVISRLAENYEEL
LRQLRELTETVISRLAENYEEL,LRQLSELTETVISRLAENYEEL
LRQLSELTETVISRLAENYEQL,LRQLSELTETVISRLAENYEEL
LRQLSELTETVISRLAENYGEL,LRQLSELTETVISRLAENYEEL
LRQLSELTETVISRLAENPEEL,LRQLSELTETVISRLAENYEEL
LRQLSELTETVISRLVENYEEL,LRQLSELTETVISRLAENYEEL
LRQLSELTETVISRLAENYWEL,LRQLSELTETVISRLAENYEEL
LRQLPELTETVISRLAENYEEL,LRQLSELTETVISRLAENYEEL
LRQPSELTETVISRLAENYEEL,LRQLSELTETVISRLAENYEEL
CRSIATVTTAVFLDLKLTVNNM,VRSIATVTTAVFLDLKLTVNNM
VRSIATVTTAVFLDLKLTVNNV,VRSIATVTTAVFLDLKLTVNNM
VRSIATVTTAVFLDLKLTVNNR,VRSIATVTTAVFLDLKLTVNNM
VRSIATVTTAVFLDLRLTVNNM,VRSIATVTTAVFLDLKLTVNNM
VRSIATVTTAVFLCLKLTVNNM,VRSIATVTTAVFLDLKLTVNNM
VRSIATVTTAVFLDLKNTVNNM,VRSIATVTTAVFLDLKLTVNNM
VRSIATVTTAVDLDLKLTVNNM,VRSIATVTTAVFLDLKLTVNNM
VRSIATVTTAMFLDLKLTVNNM,VRSIATVTTAVFLDLKLTVNNM
VRSIATVTTGVFLDLKLTVNNM,VRSIATVTTAVFLDLKLTVNNM
VREIATVTTAVFLDLKLTVNNM,VRSIATVTTAVFLDLKLTVNNM
LDQIMRRLDRTLGRISRAFNGM,LDQIMRALDRTLGRISRAFNGM
LDQIMRSLDRTLGRISRAFNGM,LDQIMRALDRTLGRISRAFNGM
LDQIMRALDRTLQRISRAFNGM,LDQIMRALDRTLGRISRAFNGM
LDQIMRILDRTLGRISRAFNGM,LDQIMRALDRTLGRISRAFNGM
LDQIMRKLDRTLGRISRAFNGM,LDQIMRALDRTLGRISRAFNGM
LDQIMRAADRTLGRISRAFNGM,LDQIMRALDRTLGRISRAFNGM
LDQIMRARDRTLGRISRAFNGM,LDQIMRALDRTLGRISRAFNGM
LDQIMRATDRTLGRISRAFNGM,LDQIMRALDRTLGRISRAFNGM
LDQIMRALDATLGRISRAFNGM,LDQIMRALDRTLGRISRAFNGM
LDQIMRALDRTQGRISRAFNGM,LDQIMRALDRTLGRISRAFNGM
LKRVGDELATRLRPLVQDINAL,LRRVGDELATRLRPLVQDINAL
LRAVGDELATRLRPLVQDINAL,LRRVGDELATRLRPLVQDINAL
LRRPGDELATRLRPLVQDINAL,LRRVGDELATRLRPLVQDINAL
LRRVGDELATRLRQLVQDINAL,LRRVGDELATRLRPLVQDINAL
LRRVGDELATRLRPLKQDINAL,LRRVGDELATRLRPLVQDINAL
LRRVGDELATRLRPLSQDINAL,LRRVGDELATRLRPLVQDINAL
LRRVGDELATRLRPLVQDYNAL,LRRVGDELATRLRPLVQDINAL
LRRVGDELATRLRPLVQDINAI,LRRVGDELATRLRPLVQDINAL
LRRVGDELATRLRPLVQDINLL,LRRVGDELATRLRPLVQDINAL
LRRVGDELATRLRPLVQDGNAL,LRRVGDELATRLRPLVQDINAL
ATDLIGGLNRILGRLSDSLNNM,ITDLIGGLNRILGRLSDSLNNM
ILDLIGGLNRILGRLSDSLNNM,ITDLIGGLNRILGRLSDSLNNM
ITDLIGALNRILGRLSDSLNNM,ITDLIGGLNRILGRLSDSLNNM
ITDLIGGWNRILGRLSDSLNNM,ITDLIGGLNRILGRLSDSLNNM
ITDLIGGLNRILGRVSDSLNNM,ITDLIGGLNRILGRLSDSLNNM
ITDLIGGLNRILGRLSTSLNNM,ITDLIGGLNRILGRLSDSLNNM
ITDLIGGLNRILGRLSDSLNNS,ITDLIGGLNRILGRLSDSLNNM
ITDLIQGLNRILGRLSDSLNNM,ITDLIGGLNRILGRLSDSLNNM
ITDWIGGLNRILGRLSDSLNNM,ITDLIGGLNRILGRLSDSLNNM
ITDLIGGLNRIFGRLSDSLNNM,ITDLIGGLNRILGRLSDSLNNM
ISQVIAFAEDLIGVMSQALNRV,LSQVIAFAEDLIGVMSQALNRV
LSQVRAFAEDLIGVMSQALNRV,LSQVIAFAEDLIGVMSQALNRV
LSQVIAFAEDRIGVMSQALNRV,LSQVIAFAEDLIGVMSQALNRV
LSQVIAFAEDLMGVMSQALNRV,LSQVIAFAEDLIGVMSQALNRV
LSQVIAFAEDLIFVMSQALNRV,LSQVIAFAEDLIGVMSQALNRV
LSQVIAFAEDLIGVISQALNRV,LSQVIAFAEDLIGVMSQALNRV
LSQVIAFAEDLIGVMSPALNRV,LSQVIAFAEDLIGVMSQALNRV
LSQVIAFAEDLIGVMSQILNRV,LSQVIAFAEDLIGVMSQALNRV
LSQVIAFAEDLIGEMSQALNRV,LSQVIAFAEDLIGVMSQALNRV
LSQVIAFAEDLIGMMSQALNRV,LSQVIAFAEDLIGVMSQALNRV
LSQGIEALERMFGMIGDGINRL,LSQLIEALERMFGMIGDGINRL
LSQLIEHLERMFGMIGDGINRL,LSQLIEALERMFGMIGDGINRL
LSQLIEALERMFGMHGDGINRL,LSQLIEALERMFGMIGDGINRL
LSQLIEALERMFGMIGDGINRA,LSQLIEALERMFGMIGDGINRL
LSQLIEALERMFGMIGFGINRL,LSQLIEALERMFGMIGDGINRL
LSQLIEALERMFGMWGDGINRL,LSQLIEALERMFGMIGDGINRL
LSQLIEALERMFGMSGDGINRL,LSQLIEALERMFGMIGDGINRL
LSQLIEADERMFGMIGDGINRL,LSQLIEALERMFGMIGDGINRL
LSQLIEALERMFGMIYDGINRL,LSQLIEALERMFGMIGDGINRL
LSQLIWALERMFGMIGDGINRL,LSQLIEALERMFGMIGDGINRL
LKQGVDVATRLTGQLLEDMANM,LKQGVDVATRLTGQLLEAMANM
LKQGVDVATRLTGQLLEEMANM,LKQGVDVATRLTGQLLEAMANM
LKQGVDVATRLTGQLLENMANM,LKQGVDVATRLTGQLLEAMANM
LKQGVDVATRLTGQLLERMANM,LKQGVDVATRLTGQLLEAMANM
LKQGVDSATRLTGQLLEAMANM,LKQGVDVATRLTGQLLEAMANM
LKQGVDVATRLTGQLLECMANM,LKQGVDVATRLTGQLLEAMANM
LKQGVDVATRLTGQLLEMMANM,LKQGVDVATRLTGQLLEAMANM
LKQGVDVATRLTGQLLEQMANM,LKQGVDVATRLTGQLLEAMANM
LKQGVDWATRLTGQLLEAMANM,LKQGVDVATRLTGQLLEAMANM
LKQGVDVATRLTGQLLEKMANM,LKQGVDVATRLTGQLLEAMANM
LKFIGEDIRKFFDECSTRFNEM,LKFIGEDIRKFFDEISTRFNEM
LKFIGEDIRKFFDERSTRFNEM,LKFIGEDIRKFFDEISTRFNEM
LKFIGEDIRWFFDEISTRFNEM,LKFIGEDIRKFFDEISTRFNEM
LKFIGEDIRNFFDEISTRFNEM,LKFIGEDIRKFFDEISTRFNEM
LKFIGEDIRKFFDELSTRFNEM,LKFIGEDIRKFFDEISTRFNEM
LKFIGEDIRKFFDEIFTRFNEM,LKFIGEDIRKFFDEISTRFNEM
LKFIGEDIRKFFDEISTFFNEM,LKFIGEDIRKFFDEISTRFNEM
LKFIGEDIRKFFDEISTSFNEM,LKFIGEDIRKFFDEISTRFNEM
LKFIGEDSRKFFDEISTRFNEM,LKFIGEDIRKFFDEISTRFNEM
LKFIGEDIRKFFDEISTNFNEM,LKFIGEDIRKFFDEISTRFNEM
IRDLEEAINQLFERLSESFNRM,IRDLIEAINQLFERLSESFNRM
IRDLIEDINQLFERLSESFNRM,IRDLIEAINQLFERLSESFNRM
IRDLIEAIWQLFERLSESFNRM,IRDLIEAINQLFERLSESFNRM
IRDLIEAINQLLERLSESFNRM,IRDLIEAINQLFERLSESFNRM
IRDLIEAINQLFEWLSESFNRM,IRDLIEAINQLFERLSESFNRM
IRDLIEAINQLFEYLSESFNRM,IRDLIEAINQLFERLSESFNRM
IRDLIEAINQLFERLSESFRRM,IRDLIEAINQLFERLSESFNRM
IRDLIEAINQLFERLSESFNDM,IRDLIEAINQLFERLSESFNRM
IRDLIEAINQLFIRLSESFNRM,IRDLIEAINQLFERLSESFNRM
IRDLIEAINQLFECLSESFNRM,IRDLIEAINQLFERLSESFNRM
LRRLSTTAEALVGDVQNAFYEM,LRRLSTQAEALVGDVQNAFYEM
LRRLSTQAEALVGDVQNRFYEM,LRRLSTQAEALVGDVQNAFYEM
LRRLSTQAEALVGDVQNCFYEM,LRRLSTQAEALVGDVQNAFYEM
LRRLSTQAEALVGDVQNMFYEM,LRRLSTQAEALVGDVQNAFYEM
LRRLSTQAEALVGDVQNQFYEM,LRRLSTQAEALVGDVQNAFYEM
LRRLSTWAEALVGDVQNAFYEM,LRRLSTQAEALVGDVQNAFYEM
LRRLSTQAEALVGDVQNKFYEM,LRRLSTQAEALVGDVQNAFYEM
LRRLSTQAEALVGDVQNNFYEM,LRRLSTQAEALVGDVQNAFYEM
LRRLSTQAEALVGDVQNHFYEM,LRRLSTQAEALVGDVQNAFYEM
LRRLSTQAEALVGDVQNEFYEM,LRRLSTQAEALVGDVQNAFYEM
LNILGRDLHLRLQSRVSSLNML,LNILGRDLHLRLQSPVSSLNML
LNILGRDLHLRLQSCVSSLNML,LNILGRDLHLRLQSPVSSLNML
LNILGRDLHLRLQSPFSSLNML,LNILGRDLHLRLQSPVSSLNML
LNILGRDSHLRLQSPVSSLNML,LNILGRDLHLRLQSPVSSLNML
LNILGRDLHLRLQSPVSNLNML,LNILGRDLHLRLQSPVSSLNML
LNILGRDLHLRLQSPVSVLNML,LNILGRDLHLRLQSPVSSLNML
LNILGRDLHWRLQSPVSSLNML,LNILGRDLHLRLQSPVSSLNML
LNILGTDLHLRLQSPVSSLNML,LNILGRDLHLRLQSPVSSLNML
LNILGRDLHHRLQSPVSSLNML,LNILGRDLHLRLQSPVSSLNML
LNILGRDLHNRLQSPVSSLNML,LNILGRDLHLRLQSPVSSLNML
IRSITEVFNKLIGKLAKACLVF,IRSITEVFNKLIGKLAKAALVF
IRSITEVFNKLIGKLAKASLVF,IRSITEVFNKLIGKLAKAALVF
IRSITEVFNKLIGKLAKAVLVF,IRSITEVFNKLIGKLAKAALVF
IRSVTEVFNKLIGKLAKAALVF,IRSITEVFNKLIGKLAKAALVF
IRSITEVFNKLIGKLAKAALTF,IRSITEVFNKLIGKLAKAALVF
IRSITEVFNKLIGKLAKATLVF,IRSITEVFNKLIGKLAKAALVF
IRSITEVFNKLIGKLAKAILVF,IRSITEVFNKLIGKLAKAALVF
IRSITEVFNKLIGKLAKAALFF,IRSITEVFNKLIGKLAKAALVF
IRSITEVFNKLIGKLAKAALVW,IRSITEVFNKLIGKLAKAALVF
IRSITEVFNKLIGKLAKAASVF,IRSITEVFNKLIGKLAKAALVF
RDRLGAALSNRLRPMIAALNGL,LDRLGAALSNRLRPMIAALNGL
TDRLGAALSNRLRPMIAALNGL,LDRLGAALSNRLRPMIAALNGL
LFRLGAALSNRLRPMIAALNGL,LDRLGAALSNRLRPMIAALNGL
LDGLGAALSNRLRPMIAALNGL,LDRLGAALSNRLRPMIAALNGL
LDLLGAALSNRLRPMIAALNGL,LDRLGAALSNRLRPMIAALNGL
LDRLGYALSNRLRPMIAALNGL,LDRLGAALSNRLRPMIAALNGL
LDRLGAPLSNRLRPMIAALNGL,LDRLGAALSNRLRPMIAALNGL
LDRLGAALSNRLRPMIALLNGL,LDRLGAALSNRLRPMIAALNGL
LDRLGAALSNRLRPMIAALNIL,LDRLGAALSNRLRPMIAALNGL
LDRLGAALSNRLRPMIAALNDL,LDRLGAALSNRLRPMIAALNGL
LRVLSEAIEAFIQKLSTNFEEM,LRVLSEAIEAFIQKLSTAFEEM
LRVLSEAIEAFIQKLSTEFEEM,LRVLSEAIEAFIQKLSTAFEEM
LRVLSEAIEAFIQKLSTDFEEM,LRVLSEAIEAFIQKLSTAFEEM
LRVLSEAIEAFIQKLSTRFEEM,LRVLSEAIEAFIQKLSTAFEEM
LRVLSETIEAFIQKLSTAFEEM,LRVLSEAIEAFIQKLSTAFEEM
LRVLSEAIEAFIQKLSTCFEEM,LRVLSEAIEAFIQKLSTAFEEM
LRVLSEAIEAFIQKLSTMFEEM,LRVLSEAIEAFIQKLSTAFEEM
LRVLSEAIEAFIQKLSTQFEEM,LRVLSEAIEAFIQKLSTAFEEM
LRVLSEWIEAFIQKLSTAFEEM,LRVLSEAIEAFIQKLSTAFEEM
LRVLSEAIEAFIQKLSTKFEEM,LRVLSEAIEAFIQKLSTAFEEM
IAELARAAQLVVRHLMNDFNKM,IAELARAAQLVVRHLMNAFNKM
IAELARAAQLVVRHLMNEFNKM,IAELARAAQLVVRHLMNAFNKM
IAELARAAQLVVRHLMNNFNKM,IAELARAAQLVVRHLMNAFNKM
IAELARAAQLVVRHLMNRFNKM,IAELARAAQLVVRHLMNAFNKM
IAELARTAQLVVRHLMNAFNKM,IAELARAAQLVVRHLMNAFNKM
IAELARAAQLVVRHLMNCFNKM,IAELARAAQLVVRHLMNAFNKM
IAELARAAQLVVRHLMNMFNKM,IAELARAAQLVVRHLMNAFNKM
IAELARAAQLVVRHLMNQFNKM,IAELARAAQLVVRHLMNAFNKM
IAELARWAQLVVRHLMNAFNKM,IAELARAAQLVVRHLMNAFNKM
IAELARAAQLVVRHLMNKFNKM,IAELARAAQLVVRHLMNAFNKM
ITKTVAAAGKLTGKLVDAFRNL,ITKVVAAAGKLTGKLVDAFRNL
ITKVVAAAGKLTGKLVDAFRVL,ITKVVAAAGKLTGKLVDAFRNL
ITKVVAAAGKLTGKLVDATRNL,ITKVVAAAGKLTGKLVDAFRNL
ITKVVAAAGKLTGKLVDAIRNL,ITKVVAAAGKLTGKLVDAFRNL
ITKVVAAAGKLTGKLVDAFRFL,ITKVVAAAGKLTGKLVDAFRNL
ITKVVAAAGKLTGKLVDASRNL,ITKVVAAAGKLTGKLVDAFRNL
ITKVVAAAGKLTGKLVDAVRNL,ITKVVAAAGKLTGKLVDAFRNL
ITKVVAAAGKLTGKLVDAFRNW,ITKVVAAAGKLTGKLVDAFRNL
ITKVVAAAGKLTGKLVDADRNL,ITKVVAAAGKLTGKLVDAFRNL
ITKVVAAAGKLTGKLVDAFSNL,ITKVVAAAGKLTGKLVDAFRNL
LERCIAAMSEIIGQALEHLIGC,LERLIAAMSEIIGQALEHLIGC
LERSIAAMSEIIGQALEHLIGC,LERLIAAMSEIIGQALEHLIGC
LERLIAAMSEPIGQALEHLIGC,LERLIAAMSEIIGQALEHLIGC
LERLIAAMSEIIGQALEHLIYC,LERLIAAMSEIIGQALEHLIGC
LERLIAAMSEIIGQALEHDIGC,LERLIAAMSEIIGQALEHLIGC
LERLIAAMSEIIGQALEHLSGC,LERLIAAMSEIIGQALEHLIGC
LERLIAAMSEIIGQALEHLYGC,LERLIAAMSEIIGQALEHLIGC
LERAIAAMSEIIGQALEHLIGC,LERLIAAMSEIIGQALEHLIGC
LERLIAAMSEIIGQALEHLIGW,LERLIAAMSEIIGQALEHLIGC
LERLIAAMSEIIGQALEHFIGC,LERLIAAMSEIIGQALEHLIGC
VKHLKEVSEAIFEDLSHDFNRM,VKHLKEVSEAIFEDLSHAFNRM
VKHLKEVSEAIFEDLSHEFNRM,VKHLKEVSEAIFEDLSHAFNRM
VKHLKEVSEAIFEDLSHNFNRM,VKHLKEVSEAIFEDLSHAFNRM
VKHLKEVSEAIFEDLSHRFNRM,VKHLKEVSEAIFEDLSHAFNRM
VKHLKESSEAIFEDLSHAFNRM,VKHLKEVSEAIFEDLSHAFNRM
VKHLKEVSEAIFEDLSHCFNRM,VKHLKEVSEAIFEDLSHAFNRM
VKHLKEVSEAIFEDLSHMFNRM,VKHLKEVSEAIFEDLSHAFNRM
VKHLKEVSEAIFEDLSHQFNRM,VKHLKEVSEAIFEDLSHAFNRM
VKHLKEWSEAIFEDLSHAFNRM,VKHLKEVSEAIFEDLSHAFNRM
VKHLKEVSEAIFEDLSHKFNRM,VKHLKEVSEAIFEDLSHAFNRM
IENIKKIVFNANKSLSNSINEL,EENIKKIVFNANKSLSNSINEL
EENIKGIVFNANKSLSNSINEL,EENIKKIVFNANKSLSNSINEL
EENIKKIVFGANKSLSNSINEL,EENIKKIVFNANKSLSNSINEL
EENIKKIVFQANKSLSNSINEL,EENIKKIVFNANKSLSNSINEL
EENIKKIVFNARKSLSNSINEL,EENIKKIVFNANKSLSNSINEL
EENIKKIVFNANKSASNSINEL,EENIKKIVFNANKSLSNSINEL
EENIKKIVFNANKSLSNSINEM,EENIKKIVFNANKSLSNSINEL
EENIKKIVFNANKSLSSSINEL,EENIKKIVFNANKSLSNSINEL
EENIKKIVFNAHKSLSNSINEL,EENIKKIVFNANKSLSNSINEL
EENIKKIVFNLNKSLSNSINEL,EENIKKIVFNANKSLSNSINEL
IGRLTEMFQRLIAQMVNACRVF,IGRLTEMFQRLIAQMVNAARVF
IGRLTEMFQRLIAQMVNASRVF,IGRLTEMFQRLIAQMVNAARVF
IGRLTEMFQRLIAQMVNAVRVF,IGRLTEMFQRLIAQMVNAARVF
IGRVTEMFQRLIAQMVNAARVF,IGRLTEMFQRLIAQMVNAARVF
IGRLTEMFQRLIAQMVNAARTF,IGRLTEMFQRLIAQMVNAARVF
IGRLTEMFQRLIAQMVNATRVF,IGRLTEMFQRLIAQMVNAARVF
IGRLTEMFQRLIAQMVNAIRVF,IGRLTEMFQRLIAQMVNAARVF
IGRLTEMFQRLIAQMVNAARFF,IGRLTEMFQRLIAQMVNAARVF
IGRLTEMFQRLIAQMVNAARVW,IGRLTEMFQRLIAQMVNAARVF
IGRLTEMFQRLIAQMVNAASVF,IGRLTEMFQRLIAQMVNAARVF
GADIQLLTKAGHGNMIKCLNNM,GADIQLLTKAGHGNMIKSLNNM
GADIQLLTKAGHGNMIKDLNNM,GADIQLLTKAGHGNMIKSLNNM
GADIQLLTKAGHGNMIKMLNNM,GADIQLLTKAGHGNMIKSLNNM
GADIQLLTKAGHGNMIKQLNNM,GADIQLLTKAGHGNMIKSLNNM
GADIQLTTKAGHGNMIKSLNNM,GADIQLLTKAGHGNMIKSLNNM
GADIQLLTKAGHGNMIKALNNM,GADIQLLTKAGHGNMIKSLNNM
GADIQLLTKAGHGNMIKLLNNM,GADIQLLTKAGHGNMIKSLNNM
GADIQLLTKAGHGNMIKPLNNM,GADIQLLTKAGHGNMIKSLNNM
GADIQLWTKAGHGNMIKSLNNM,GADIQLLTKAGHGNMIKSLNNM
GADIQLLTKAGHGNMIKILNNM,GADIQLLTKAGHGNMIKSLNNM
LHNMKVATKKILGQLAESIRTL,LINMKVATKKILGQLAESIRTL
LINMDVATKKILGQLAESIRTL,LINMKVATKKILGQLAESIRTL
LINMKVATKKILYQLAESIRTL,LINMKVATKKILGQLAESIRTL
LINMKVATKKILGQLAESGRTL,LINMKVATKKILGQLAESIRTL
LINMKVATKKILGQLAESIRTI,LINMKVATKKILGQLAESIRTL
LINMKVATKKILGQLAESIRRL,LINMKVATKKILGQLAESIRTL
LINMKVATKKILGQLAESYRTL,LINMKVATKKILGQLAESIRTL
LINMKVATKKILGQLLESIRTL,LINMKVATKKILGQLAESIRTL
LINMKVATKKILGQLTESIRTL,LINMKVATKKILGQLAESIRTL
LINMKVATKKILGPLAESIRTL,LINMKVATKKILGQLAESIRTL
IRELTAATRAMIGELAQDFNQM,IRELTAATRAMIGELAQAFNQM
IRELTAATRAMIGELAQEFNQM,IRELTAATRAMIGELAQAFNQM
IRELTAATRAMIGELAQNFNQM,IRELTAATRAMIGELAQAFNQM
IRELTAATRAMIGELAQRFNQM,IRELTAATRAMIGELAQAFNQM
IRELTATTRAMIGELAQAFNQM,IRELTAATRAMIGELAQAFNQM
IRELTAATRAMIGELAQCFNQM,IRELTAATRAMIGELAQAFNQM
IRELTAATRAMIGELAQMFNQM,IRELTAATRAMIGELAQAFNQM
IRELTAATRAMIGELAQQFNQM,IRELTAATRAMIGELAQAFNQM
IRELTAWTRAMIGELAQAFNQM,IRELTAATRAMIGELAQAFNQM
IRELTAATRAMIGELAQKFNQM,IRELTAATRAMIGELAQAFNQM
IVAIQEWIGRYLGEIARAFNDM,IVAIQEAIGRYLGEIARAFNDM
IVAIQEAIGRYLGEIARKFNDM,IVAIQEAIGRYLGEIARAFNDM
IVAIQEAIGRYLGEIARHFNDM,IVAIQEAIGRYLGEIARAFNDM
IVAIQEAIGRYLGEIARCFNDM,IVAIQEAIGRYLGEIARAFNDM
IVAIQEAIGRYLGEIARMFNDM,IVAIQEAIGRYLGEIARAFNDM
IVAIQEAIGRYLGEIARQFNDM,IVAIQEAIGRYLGEIARAFNDM
IVAIQEAIGRYLGEIARWFNDM,IVAIQEAIGRYLGEIARAFNDM
IVAIQEAIGRYLGEIARTFNDM,IVAIQEAIGRYLGEIARAFNDM
IVAIQETIGRYLGEIARAFNDM,IVAIQEAIGRYLGEIARAFNDM
IVAIQEAIGRYLGEIDRAFNDM,IVAIQEAIGRYLGEIARAFNDM
VEALSQQLRDKLRPVLDAMNGL,LEALSQQLRDKLRPVLDAMNGL
LNALSQQLRDKLRPVLDAMNGL,LEALSQQLRDKLRPVLDAMNGL
LWALSQQLRDKLRPVLDAMNGL,LEALSQQLRDKLRPVLDAMNGL
LEALSQQLRTKLRPVLDAMNGL,LEALSQQLRDKLRPVLDAMNGL
LEALSQQLRDKLRPYLDAMNGL,LEALSQQLRDKLRPVLDAMNGL
LEALSQQLRDKLRPVEDAMNGL,LEALSQQLRDKLRPVLDAMNGL
LEALSQQLRDKLRPVLDAMNGY,LEALSQQLRDKLRPVLDAMNGL
LEALSQQLRDKLRPVLDAMNGC,LEALSQQLRDKLRPVLDAMNGL
LEALSQQLRDKLRPVLDAMNML,LEALSQQLRDKLRPVLDAMNGL
LEALSQQLRDKLRPVLDAMGGL,LEALSQQLRDKLRPVLDAMNGL
VVHIENQMRRALGSLGNAFVGM,VVHIENQMRRALGSLGNAFNGM
VVSIENQMRRALGSLGNAFNGM,VVHIENQMRRALGSLGNAFNGM
VVHIECQMRRALGSLGNAFNGM,VVHIENQMRRALGSLGNAFNGM
VVHIEFQMRRALGSLGNAFNGM,VVHIENQMRRALGSLGNAFNGM
VVHIENQKRRALGSLGNAFNGM,VVHIENQMRRALGSLGNAFNGM
VVHIENQMPRALGSLGNAFNGM,VVHIENQMRRALGSLGNAFNGM
VVHIENQMRRYLGSLGNAFNGM,VVHIENQMRRALGSLGNAFNGM
VVHIENQMRRALGSLGNARNGM,VVHIENQMRRALGSLGNAFNGM
VVHIENQMRRALGSLGNAFHGM,VVHIENQMRRALGSLGNAFNGM
VVHIENQMRRALGSLGNAFPGM,VVHIENQMRRALGSLGNAFNGM
VRGIAEVTTAVVAQLHETINQM,VRGIAEVTTAVVAQLAETINQM
VRGIAEVTTAVVAQLAETINSM,VRGIAEVTTAVVAQLAETINQM
VRGIAEVTTAVVAQLAETGNQM,VRGIAEVTTAVVAQLAETINQM
VRGIAEVTTAVVAQLEETINQM,VRGIAEVTTAVVAQLAETINQM
VRGIAEVTTAVVAQMAETINQM,VRGIAEVTTAVVAQLAETINQM
VRGIAEVTTAVVYQLAETINQM,VRGIAEVTTAVVAQLAETINQM
VRGIAEVTTAIVAQLAETINQM,VRGIAEVTTAVVAQLAETINQM
VRGIAEVTTASVAQLAETINQM,VRGIAEVTTAVVAQLAETINQM
VRGIEEVTTAVVAQLAETINQM,VRGIAEVTTAVVAQLAETINQM
VRGLAEVTTAVVAQLAETINQM,VRGIAEVTTAVVAQLAETINQM
VYRLTERIQQLYRPVFHCLNAV,VYRLTERIQQLYRPVFHDLNAV
VYRLTERIQQLYRPVFHELNAV,VYRLTERIQQLYRPVFHDLNAV
VYRLTERIQQLYRPVFHNLNAV,VYRLTERIQQLYRPVFHDLNAV
VYRLTERIQQLYRPVFHRLNAV,VYRLTERIQQLYRPVFHDLNAV
VYRLTETIQQLYRPVFHDLNAV,VYRLTERIQQLYRPVFHDLNAV
VYRLTERIQQLYRPVFHALNAV,VYRLTERIQQLYRPVFHDLNAV
VYRLTERIQQLYRPVFHMLNAV,VYRLTERIQQLYRPVFHDLNAV
VYRLTERIQQLYRPVFHQLNAV,VYRLTERIQQLYRPVFHDLNAV
VYRLTEWIQQLYRPVFHDLNAV,VYRLTERIQQLYRPVFHDLNAV
VYRLTERIQQLYRPVFHKLNAV,VYRLTERIQQLYRPVFHDLNAV
LDKMKNFSERLFGQTADCLNKM,LDKMKNFSERLFGQTADSLNKM
LDKMKNFSERLFGQTADDLNKM,LDKMKNFSERLFGQTADSLNKM
LDKMKNFSERLFGQTADMLNKM,LDKMKNFSERLFGQTADSLNKM
LDKMKNFSERLFGQTADQLNKM,LDKMKNFSERLFGQTADSLNKM
LDKMKNTSERLFGQTADSLNKM,LDKMKNFSERLFGQTADSLNKM
LDKMKNFSERLFGQTADALNKM,LDKMKNFSERLFGQTADSLNKM
LDKMKNFSERLFGQTADLLNKM,LDKMKNFSERLFGQTADSLNKM
LDKMKNFSERLFGQTADPLNKM,LDKMKNFSERLFGQTADSLNKM
LDKMKNWSERLFGQTADSLNKM,LDKMKNFSERLFGQTADSLNKM
LDKMKNFSERLFGQTADILNKM,LDKMKNFSERLFGQTADSLNKM
INRLGRQARIMLGDLVTDFNEM,INRLGRQARIMLGDLVTAFNEM
INRLGRQARIMLGDLVTEFNEM,INRLGRQARIMLGDLVTAFNEM
INRLGRQARIMLGDLVTNFNEM,INRLGRQARIMLGDLVTAFNEM
INRLGRQARIMLGDLVTRFNEM,INRLGRQARIMLGDLVTAFNEM
INRLGRTARIMLGDLVTAFNEM,INRLGRQARIMLGDLVTAFNEM
INRLGRQARIMLGDLVTCFNEM,INRLGRQARIMLGDLVTAFNEM
INRLGRQARIMLGDLVTMFNEM,INRLGRQARIMLGDLVTAFNEM
INRLGRQARIMLGDLVTQFNEM,INRLGRQARIMLGDLVTAFNEM
INRLGRWARIMLGDLVTAFNEM,INRLGRQARIMLGDLVTAFNEM
INRLGRQARIMLGDLVTKFNEM,INRLGRQARIMLGDLVTAFNEM
IRRMAENARRILKELNDCFGIM,IRRMAENARRILKELNDSFGIM
IRRMAENARRILKELNDDFGIM,IRRMAENARRILKELNDSFGIM
IRRMAENARRILKELNDMFGIM,IRRMAENARRILKELNDSFGIM
IRRMAENARRILKELNDQFGIM,IRRMAENARRILKELNDSFGIM
IRRMAETARRILKELNDSFGIM,IRRMAENARRILKELNDSFGIM
IRRMAENARRILKELNDAFGIM,IRRMAENARRILKELNDSFGIM
IRRMAENARRILKELNDLFGIM,IRRMAENARRILKELNDSFGIM
IRRMAENARRILKELNDPFGIM,IRRMAENARRILKELNDSFGIM
IRRMAEWARRILKELNDSFGIM,IRRMAENARRILKELNDSFGIM
IRRMAENARRILKELNDIFGIM,IRRMAENARRILKELNDSFGIM
VRRITKVCSEYYRELANSAKYM,VRRITKVCSEYYRELANSVKYM
VRRITKVCSEYYRELANSRKYM,VRRITKVCSEYYRELANSVKYM
VRRITKVCSEYYRELANSTKYM,VRRITKVCSEYYRELANSVKYM
VRRVTKVCSEYYRELANSVKYM,VRRITKVCSEYYRELANSVKYM
VRRITKVCSEYYRELANSVKTM,VRRITKVCSEYYRELANSVKYM
VRRITKVCSEYYRELANSSKYM,VRRITKVCSEYYRELANSVKYM
VRRITKVCSEYYRELANSHKYM,VRRITKVCSEYYRELANSVKYM
VRRITKVCSEYYRELANSVKFM,VRRITKVCSEYYRELANSVKYM
VRRITKVCSEYYRELANSVKYW,VRRITKVCSEYYRELANSVKYM
VRRITKVCSEYYRELANSVSYM,VRRITKVCSEYYRELANSVKYM
LTLGAQAARKIVAAFASAADTA,LTLGAQAARKIVAAFASAVDTA
LTLGAQAARKIVAAFASARDTA,LTLGAQAARKIVAAFASAVDTA
LTLGAQAARKIVAAFASATDTA,LTLGAQAARKIVAAFASAVDTA
LTLVAQAARKIVAAFASAVDTA,LTLGAQAARKIVAAFASAVDTA
LTLGAQAARKIVAAFASAVDVA,LTLGAQAARKIVAAFASAVDTA
LTLGAQAARKIVAAFASASDTA,LTLGAQAARKIVAAFASAVDTA
LTLGAQAARKIVAAFASAHDTA,LTLGAQAARKIVAAFASAVDTA
LTLGAQAARKIVAAFASAVDFA,LTLGAQAARKIVAAFASAVDTA
LTLGAQAARKIVAAFASAVDTW,LTLGAQAARKIVAAFASAVDTA
LTLGAQAARKIVAAFASAVSTA,LTLGAQAARKIVAAFASAVDTA
VLRGVRLAEEIIGQLGRHLDSM,VLRGVRLAEEIIGQLGRALDSM
VLRGVRLAEEIIGQLGRKLDSM,VLRGVRLAEEIIGQLGRALDSM
VLRGVRWAEEIIGQLGRALDSM,VLRGVRLAEEIIGQLGRALDSM
VLRGVRLAEEIIGQLGRWLDSM,VLRGVRLAEEIIGQLGRALDSM
VLRGVRLAEEIIGQLGRTLDSM,VLRGVRLAEEIIGQLGRALDSM
VLRGVRLAEEIIGQLCRALDSM,VLRGVRLAEEIIGQLGRALDSM
VLRGVRLAEEIIGQLGRFLDSM,VLRGVRLAEEIIGQLGRALDSM
VLRGVTLAEEIIGQLGRALDSM,VLRGVRLAEEIIGQLGRALDSM
VLRGVRLAEIIIGQLGRALDSM,VLRGVRLAEEIIGQLGRALDSM
VLRGVRLAEEIIGQLGRVLDSM,VLRGVRLAEEIIGQLGRALDSM
ILDLVEGGNRMLDTLTVAVNHM,ILDLVEGANRMLDTLTVAVNHM
ILDLVEGANRMWDTLTVAVNHM,ILDLVEGANRMLDTLTVAVNHM
ILDLVEGANRMLDTNTVAVNHM,ILDLVEGANRMLDTLTVAVNHM
ILDLVVGANRMLDTLTVAVNHM,ILDLVEGANRMLDTLTVAVNHM
ILDLVEGPNRMLDTLTVAVNHM,ILDLVEGANRMLDTLTVAVNHM
ILDLVEGANIMLDTLTVAVNHM,ILDLVEGANRMLDTLTVAVNHM
ILDLVEGANKMLDTLTVAVNHM,ILDLVEGANRMLDTLTVAVNHM
ILDLVEGANRMLATLTVAVNHM,ILDLVEGANRMLDTLTVAVNHM
ILDLVEGANRMLLTLTVAVNHM,ILDLVEGANRMLDTLTVAVNHM
ILDLVEGANRMLTTLTVAVNHM,ILDLVEGANRMLDTLTVAVNHM
LRDLEKALRARLRPVVAHLNAL,LRDLEKALRARLRPVVAALNAL
LRDLEKALRARLRPVVAKLNAL,LRDLEKALRARLRPVVAALNAL
LRDLEKALRARLRPVVAWLNAL,LRDLEKALRARLRPVVAALNAL
LRDLEKWLRARLRPVVAALNAL,LRDLEKALRARLRPVVAALNAL
LRDLEKALRARLRPVVATLNAL,LRDLEKALRARLRPVVAALNAL
LRDLEKALRARLRPVCAALNAL,LRDLEKALRARLRPVVAALNAL
LRDLEKALRARLRPVVAFLNAL,LRDLEKALRARLRPVVAALNAL
LRDLETALRARLRPVVAALNAL,LRDLEKALRARLRPVVAALNAL
LRDLEKALRIRLRPVVAALNAL,LRDLEKALRARLRPVVAALNAL
LRDLEKALRARLRPVVAPLNAL,LRDLEKALRARLRPVVAALNAL
LQSVQAAMAQMFADLAAGANAL,LQSVQAAMAQMFADLAAGVNAL
LQSVQAAMAQMFADLAAGRNAL,LQSVQAAMAQMFADLAAGVNAL
LQSVQAAMAQMFADLAAGTNAL,LQSVQAAMAQMFADLAAGVNAL
LQSTQAAMAQMFADLAAGVNAL,LQSVQAAMAQMFADLAAGVNAL
LQSVQAAMAQMFADLAAGVNVL,LQSVQAAMAQMFADLAAGVNAL
LQSVQAAMAQMFADLAAGSNAL,LQSVQAAMAQMFADLAAGVNAL
LQSVQAAMAQMFADLAAGHNAL,LQSVQAAMAQMFADLAAGVNAL
LQSVQAAMAQMFADLAAGVNGL,LQSVQAAMAQMFADLAAGVNAL
LQSVQAAMAQMFADLAAGVNAW,LQSVQAAMAQMFADLAAGVNAL
LQSVQAAMAQMFADLAAGVSAL,LQSVQAAMAQMFADLAAGVNAL
IRGLTGAMLKLIGHMAQAAATF,IRGLTGAMLKLIGHMAQAVATF
IRGLTGAMLKLIGHMAQARATF,IRGLTGAMLKLIGHMAQAVATF
IRGLTGAMLKLIGHMAQATATF,IRGLTGAMLKLIGHMAQAVATF
IRGVTGAMLKLIGHMAQAVATF,IRGLTGAMLKLIGHMAQAVATF
IRGLTGAMLKLIGHMAQAVAVF,IRGLTGAMLKLIGHMAQAVATF
IRGLTGAMLKLIGHMAQASATF,IRGLTGAMLKLIGHMAQAVATF
IRGLTGAMLKLIGHMAQAHATF,IRGLTGAMLKLIGHMAQAVATF
IRGLTGAMLKLIGHMAQAVAFF,IRGLTGAMLKLIGHMAQAVATF
IRGLTGAMLKLIGHMAQAVATW,IRGLTGAMLKLIGHMAQAVATF
IRGLTGAMLKLIGHMAQAVSTF,IRGLTGAMLKLIGHMAQAVATF
RDDIGRVMESILNDLTDMVNNT,IDDIGRVMESILNDLTDMVNNT
TDDIGRVMESILNDLTDMVNNT,IDDIGRVMESILNDLTDMVNNT
IFDIGRVMESILNDLTDMVNNT,IDDIGRVMESILNDLTDMVNNT
IDHIGRVMESILNDLTDMVNNT,IDDIGRVMESILNDLTDMVNNT
IDMIGRVMESILNDLTDMVNNT,IDDIGRVMESILNDLTDMVNNT
IDDIGYVMESILNDLTDMVNNT,IDDIGRVMESILNDLTDMVNNT
IDDIGRNMESILNDLTDMVNNT,IDDIGRVMESILNDLTDMVNNT
IDDIGRVMESILNDLTDKVNNT,IDDIGRVMESILNDLTDMVNNT
IDDIGRVMESILNDLTDMVNHT,IDDIGRVMESILNDLTDMVNNT
IDDIGRVMESILNDLTDMVNDT,IDDIGRVMESILNDLTDMVNNT
LAAITAVMHRLLGTMAQAADVF,LAAITAVMHRLLGTMAQAVDVF
LAAITAVMHRLLGTMAQARDVF,LAAITAVMHRLLGTMAQAVDVF
LAAITAVMHRLLGTMAQATDVF,LAAITAVMHRLLGTMAQAVDVF
LAAVTAVMHRLLGTMAQAVDVF,LAAITAVMHRLLGTMAQAVDVF
LAAITAVMHRLLGTMAQAVDTF,LAAITAVMHRLLGTMAQAVDVF
LAAITAVMHRLLGTMAQASDVF,LAAITAVMHRLLGTMAQAVDVF
LAAITAVMHRLLGTMAQAHDVF,LAAITAVMHRLLGTMAQAVDVF
LAAITAVMHRLLGTMAQAVDFF,LAAITAVMHRLLGTMAQAVDVF
LAAITAVMHRLLGTMAQAVDVW,LAAITAVMHRLLGTMAQAVDVF
LAAITAVMHRLLGTMAQAVSVF,LAAITAVMHRLLGTMAQAVDVF
INKLKEVAEKFLEQLSNMFNLM,INKLKEVAEKFLEQLSNSFNLM
INKLKEVAEKFLEQLSNDFNLM,INKLKEVAEKFLEQLSNSFNLM
INKLKEVAEKFLEQLSNCFNLM,INKLKEVAEKFLEQLSNSFNLM
INKLKEVAEKFLEQLSNQFNLM,INKLKEVAEKFLEQLSNSFNLM
INKLKESAEKFLEQLSNSFNLM,INKLKEVAEKFLEQLSNSFNLM
INKLKEVAEKFLEQLSNAFNLM,INKLKEVAEKFLEQLSNSFNLM
INKLKEVAEKFLEQLSNLFNLM,INKLKEVAEKFLEQLSNSFNLM
INKLKEVAEKFLEQLSNPFNLM,INKLKEVAEKFLEQLSNSFNLM
INKLKEWAEKFLEQLSNSFNLM,INKLKEVAEKFLEQLSNSFNLM
INKLKEVAEKFLEQLSNIFNLM,INKLKEVAEKFLEQLSNSFNLM
IKQLTDQMKMAFGLMSRQFNRM,IKQLTRQMKMAFGLMSRQFNRM
IKQLTRQMHMAFGLMSRQFNRM,IKQLTRQMKMAFGLMSRQFNRM
IKQLTRQMKMAFKLMSRQFNRM,IKQLTRQMKMAFGLMSRQFNRM
IKQLTRQMKMAFGDMSRQFNRM,IKQLTRQMKMAFGLMSRQFNRM
IKQLTRQMKMAFGLQSRQFNRM,IKQLTRQMKMAFGLMSRQFNRM
IKQLTRQMKMAFGLMLRQFNRM,IKQLTRQMKMAFGLMSRQFNRM
IKQLTRQMKSAFGLMSRQFNRM,IKQLTRQMKMAFGLMSRQFNRM
IKQLTRQMKEAFGLMSRQFNRM,IKQLTRQMKMAFGLMSRQFNRM
IKQLTRQMKCAFGLMSRQFNRM,IKQLTRQMKMAFGLMSRQFNRM
IKQLTRQMKMAFGLMHRQFNRM,IKQLTRQMKMAFGLMSRQFNRM
VRMLAEKVNHVLGMLAGDMNRW,VRMLAEKVNHVLGMLAGDMNRM
VRMLAEKVNHVLGMLAGDDNRM,VRMLAEKVNHVLGMLAGDMNRM
VRMLAEKVNHVLGMLAGDMSRM,VRMLAEKVNHVLGMLAGDMNRM
VRMLAEKVNHVLGMLAGDMYRM,VRMLAEKVNHVLGMLAGDMNRM
VRMCAEKVNHVLGMLAGDMNRM,VRMLAEKVNHVLGMLAGDMNRM
VRMSAEKVNHVLGMLAGDMNRM,VRMLAEKVNHVLGMLAGDMNRM
VRMLAEKVNHNLGMLAGDMNRM,VRMLAEKVNHVLGMLAGDMNRM
VRMLAEKVNHVLGMLAGDMNFM,VRMLAEKVNHVLGMLAGDMNRM
VRMLAEKVNHVLGMLAGDMNYM,VRMLAEKVNHVLGMLAGDMNRM
VRMAAEKVNHVLGMLAGDMNRM,VRMLAEKVNHVLGMLAGDMNRM
VQRLGDAARRLLADLSRCFNRT,VQRLGDAARRLLADLSRTFNRT
VQRLGDAARRLLADLSRDFNRT,VQRLGDAARRLLADLSRTFNRT
VQRLGDAARRLLADLSRMFNRT,VQRLGDAARRLLADLSRTFNRT
VQRLGDAARRLLADLSRQFNRT,VQRLGDAARRLLADLSRTFNRT
VQRLGDTARRLLADLSRTFNRT,VQRLGDAARRLLADLSRTFNRT
VQRLGDAARRLLADLSRAFNRT,VQRLGDAARRLLADLSRTFNRT
VQRLGDAARRLLADLSRLFNRT,VQRLGDAARRLLADLSRTFNRT
VQRLGDAARRLLADLSRPFNRT,VQRLGDAARRLLADLSRTFNRT
VQRLGDWARRLLADLSRTFNRT,VQRLGDAARRLLADLSRTFNRT
VQRLGDAARRLLADLSRIFNRT,VQRLGDAARRLLADLSRTFNRT
IMDCAEISQQLTTQLISAFKSM,IMDIAEISQQLTTQLISAFKSM
IMDSAEISQQLTTQLISAFKSM,IMDIAEISQQLTTQLISAFKSM
IMDIAEISQQPTTQLISAFKSM,IMDIAEISQQLTTQLISAFKSM
IMDIAEISQQLTTQLISAFKYM,IMDIAEISQQLTTQLISAFKSM
IMDIAEISQQLTTQLISADKSM,IMDIAEISQQLTTQLISAFKSM
IMDIAEISQQLTTQLISAFSSM,IMDIAEISQQLTTQLISAFKSM
IMDIAEISQQLTTQLISAFYSM,IMDIAEISQQLTTQLISAFKSM
IMDAAEISQQLTTQLISAFKSM,IMDIAEISQQLTTQLISAFKSM
IMDIAEISQQLTTQLISAFKSW,IMDIAEISQQLTTQLISAFKSM
IMDIAEISQQLTTQLISAGKSM,IMDIAEISQQLTTQLISAFKSM
VNREAIHLRARLIPIKQAINKL,VNRFAIHLRARLIPIKQAINKL
VNRNAIHLRARLIPIKQAINKL,VNRFAIHLRARLIPIKQAINKL
VNRFAIHLRARLIPIKQAKNKL,VNRFAIHLRARLIPIKQAINKL
VNRFAIHLRAVLIPIKQAINKL,VNRFAIHLRARLIPIKQAINKL
VNQFAIHLRARLIPIKQAINKL,VNRFAIHLRARLIPIKQAINKL
VNRTAIHLRARLIPIKQAINKL,VNRFAIHLRARLIPIKQAINKL
VNRFCIHLRARLIPIKQAINKL,VNRFAIHLRARLIPIKQAINKL
VNRFAIHLRARLIPIKQALNKL,VNRFAIHLRARLIPIKQAINKL
VNRFAIHLRARLIPIKQANNKL,VNRFAIHLRARLIPIKQAINKL
VNRFAIHLRARLIPIKQAIDKL,VNRFAIHLRARLIPIKQAINKL
IQALTAGLGQLIGRAIVDFNNM,IQALTAGLGQLIGRAIVAFNNM
IQALTAGLGQLIGRAIVEFNNM,IQALTAGLGQLIGRAIVAFNNM
IQALTAGLGQLIGRAIVNFNNM,IQALTAGLGQLIGRAIVAFNNM
IQALTAGLGQLIGRAIVRFNNM,IQALTAGLGQLIGRAIVAFNNM
IQALTATLGQLIGRAIVAFNNM,IQALTAGLGQLIGRAIVAFNNM
IQALTAGLGQLIGRAIVCFNNM,IQALTAGLGQLIGRAIVAFNNM
IQALTAGLGQLIGRAIVMFNNM,IQALTAGLGQLIGRAIVAFNNM
IQALTAGLGQLIGRAIVQFNNM,IQALTAGLGQLIGRAIVAFNNM
IQALTAWLGQLIGRAIVAFNNM,IQALTAGLGQLIGRAIVAFNNM
IQALTAGLGQLIGRAIVKFNNM,IQALTAGLGQLIGRAIVAFNNM
IDDFENVLGNIFIEIKNSLYNI,IDDIENVLGNIFIEIKNSLYNI
IDDILNVLGNIFIEIKNSLYNI,IDDIENVLGNIFIEIKNSLYNI
IDDIENVCGNIFIEIKNSLYNI,IDDIENVLGNIFIEIKNSLYNI
IDDIENVLGNDFIEIKNSLYNI,IDDIENVLGNIFIEIKNSLYNI
IDDIENVLGNIFIFIKNSLYNI,IDDIENVLGNIFIEIKNSLYNI
IDDIENVLGNIFIEIKASLYNI,IDDIENVLGNIFIEIKNSLYNI
IDDIENVLGNIFIEIKVSLYNI,IDDIENVLGNIFIEIKNSLYNI
IDDIENVLGNIFIVIKNSLYNI,IDDIENVLGNIFIEIKNSLYNI
IDDIENVLGNIFIEEKNSLYNI,IDDIENVLGNIFIEIKNSLYNI
IDDIENVLGNIFIEKKNSLYNI,IDDIENVLGNIFIEIKNSLYNI
IERLASHLHQILGMLADRMNRM,IERLASHLHQILGMLADDMNRM
IERLASTLHQILGMLADDMNRM,IERLASHLHQILGMLADDMNRM
IERLASHLHQILGMLADNMNRM,IERLASHLHQILGMLADDMNRM
IERLASHLHQILGMLADAMNRM,IERLASHLHQILGMLADDMNRM
IERLASHLHQILGMLADMMNRM,IERLASHLHQILGMLADDMNRM
IERLASHLHQILGMLADQMNRM,IERLASHLHQILGMLADDMNRM
IERLASHLHQILGMLADEMNRM,IERLASHLHQILGMLADDMNRM
IERLASHLHQILGMLADCMNRM,IERLASHLHQILGMLADDMNRM
IERLASWLHQILGMLADDMNRM,IERLASHLHQILGMLADDMNRM
IERLASHLHQILGMLADKMNRM,IERLASHLHQILGMLADDMNRM
MKDIASSTQKIIQPVSAAASEF,MKDIASSTQKIIQPVSAALSEF
MKDIASSTQKIIQPVSAASSEF,MKDIASSTQKIIQPVSAALSEF
MKDIASSTQKIIQPVSAAVSEF,MKDIASSTQKIIQPVSAALSEF
MKDVASSTQKIIQPVSAALSEF,MKDIASSTQKIIQPVSAALSEF
MKDIASSTQKIIQPVSAALSVF,MKDIASSTQKIIQPVSAALSEF
MKDIASSTQKIIQPVSAATSEF,MKDIASSTQKIIQPVSAALSEF
MKDIASSTQKIIQPVSAAHSEF,MKDIASSTQKIIQPVSAALSEF
MKDIASSTQKIIQPVSAALSGF,MKDIASSTQKIIQPVSAALSEF
MKDIASSTQKIIQPVSAALSEW,MKDIASSTQKIIQPVSAALSEF
MKDIASSTQKIIQPVSAALREF,MKDIASSTQKIIQPVSAALSEF
VENITETAASILGRLVATLNSW,VENITETAASILGRLVATLNSM
VENITETAASILGRLVATDNSM,VENITETAASILGRLVATLNSM
VENITETAASILGRLVATLSSM,VENITETAASILGRLVATLNSM
VENITETAASILGRLVATLYSM,VENITETAASILGRLVATLNSM
VENITETAASILGRLVATLNFM,VENITETAASILGRLVATLNSM
VENCTETAASILGRLVATLNSM,VENITETAASILGRLVATLNSM
VENSTETAASILGRLVATLNSM,VENITETAASILGRLVATLNSM
VENITETAASPLGRLVATLNSM,VENITETAASILGRLVATLNSM
VENITETAASILGRLVATLNYM,VENITETAASILGRLVATLNSM
VENITETAASILGRLVATHNSM,VENITETAASILGRLVATLNSM
VKMLEGNLKLLTDEVSRQFEGI,VKRLEGNLKLLTDEVSRQFEGI
VKRLEGNLKLLTDEVSFQFEGI,VKRLEGNLKLLTDEVSRQFEGI
VPRLEGNLKLLTDEVSRQFEGI,VKRLEGNLKLLTDEVSRQFEGI
VKRLEGELKLLTDEVSRQFEGI,VKRLEGNLKLLTDEVSRQFEGI
VKRLEGNLSLLTDEVSRQFEGI,VKRLEGNLKLLTDEVSRQFEGI
VKRLEGNLKLLTDEVARQFEGI,VKRLEGNLKLLTDEVSRQFEGI
VKRLEGNLKLLTDEVSRQMEGI,VKRLEGNLKLLTDEVSRQFEGI
VKSLEGNLKLLTDEVSRQFEGI,VKRLEGNLKLLTDEVSRQFEGI
VKRLECNLKLLTDEVSRQFEGI,VKRLEGNLKLLTDEVSRQFEGI
VKRLEFNLKLLTDEVSRQFEGI,VKRLEGNLKLLTDEVSRQFEGI
LSMLQKLMARVETAVFQSFYSM,LSMLQKLMARVMTAVFQSFYSM
LSMLQKLMARVMMAVFQSFYSM,LSMLQKLMARVMTAVFQSFYSM
LSMLQKLMARVMTANFQSFYSM,LSMLQKLMARVMTAVFQSFYSM
LSMLQKLMARVMTAVWQSFYSM,LSMLQKLMARVMTAVFQSFYSM
LSMLQKLMARVMTAVFQSFYSG,LSMLQKLMARVMTAVFQSFYSM
LSMLQKLMARVMTAVFQSFYSE,LSMLQKLMARVMTAVFQSFYSM
LSMLQKLMARVMTAVFQSFYQM,LSMLQKLMARVMTAVFQSFYSM
LSMLQKLMARVMTAVFQSFKSM,LSMLQKLMARVMTAVFQSFYSM
LSMLQKLMARVMTLVFQSFYSM,LSMLQKLMARVMTAVFQSFYSM
LSMLQKLMARVFTAVFQSFYSM,LSMLQKLMARVMTAVFQSFYSM
INNIKQGSLAFLGEMGNAINDN,INNIKQGLLAFLGEMGNAINDN
INNIKQGLLAFLGEMGNPINDN,INNIKQGLLAFLGEMGNAINDN
INNIKQGLLAFLGEMGNVINDN,INNIKQGLLAFLGEMGNAINDN
INNIKTGLLAFLGEMGNAINDN,INNIKQGLLAFLGEMGNAINDN
INNIKQGLLIFLGEMGNAINDN,INNIKQGLLAFLGEMGNAINDN
INNIKQGLLAFLGEMFNAINDN,INNIKQGLLAFLGEMGNAINDN
INNIKQGLLAFLGEMCNAINDN,INNIKQGLLAFLGEMGNAINDN
INNIKQGLLAFLGEMGNFINDN,INNIKQGLLAFLGEMGNAINDN
INNIKQGLLAFLGERGNAINDN,INNIKQGLLAFLGEMGNAINDN
INNIKQGLLAFLGEMGNTINDN,INNIKQGLLAFLGEMGNAINDN
IRQHLAASEMIAALLLQSIVRM,IRQALAASEMIAALLLQSIVRM
IRQALAHSEMIAALLLQSIVRM,IRQALAASEMIAALLLQSIVRM
IRQALAASEMIAALHLQSIVRM,IRQALAASEMIAALLLQSIVRM
IRQALAASEMIAALLLQSIVRA,IRQALAASEMIAALLLQSIVRM
IRQALAASEMIAALLLESIVRM,IRQALAASEMIAALLLQSIVRM
IRQALAASEMIAALWLQSIVRM,IRQALAASEMIAALLLQSIVRM
IRQALAASEMIAALSLQSIVRM,IRQALAASEMIAALLLQSIVRM
IRQALAADEMIAALLLQSIVRM,IRQALAASEMIAALLLQSIVRM
IRQALAASEMIAALLYQSIVRM,IRQALAASEMIAALLLQSIVRM
IRQALWASEMIAALLLQSIVRM,IRQALAASEMIAALLLQSIVRM
IHRLVAYARSLLTQLAQDMDEM,IHRLVAYARSLLTQLAQAMDEM
IHRLVAYARSLLTQLAQEMDEM,IHRLVAYARSLLTQLAQAMDEM
IHRLVAYARSLLTQLAQNMDEM,IHRLVAYARSLLTQLAQAMDEM
IHRLVAYARSLLTQLAQRMDEM,IHRLVAYARSLLTQLAQAMDEM
IHRLVASARSLLTQLAQAMDEM,IHRLVAYARSLLTQLAQAMDEM
IHRLVAYARSLLTQLAQCMDEM,IHRLVAYARSLLTQLAQAMDEM
IHRLVAYARSLLTQLAQMMDEM,IHRLVAYARSLLTQLAQAMDEM
IHRLVAYARSLLTQLAQQMDEM,IHRLVAYARSLLTQLAQAMDEM
IHRLVAVARSLLTQLAQAMDEM,IHRLVAYARSLLTQLAQAMDEM
IHRLVAYARSLLTQLAQKMDEM,IHRLVAYARSLLTQLAQAMDEM
MSETAGYAEAVIGVLADAHRKM,MSETAGYAEAVIGVLADALRKM
MSETAGYAEAVIGVLADATRKM,MSETAGYAEAVIGVLADALRKM
MSETAGYAEAVIGVLADALRFM,MSETAGYAEAVIGVLADALRKM
MSEVAGYAEAVIGVLADALRKM,MSETAGYAEAVIGVLADALRKM
MSETAGYAEAVIGVLADALRVM,MSETAGYAEAVIGVLADALRKM
MSETAGYAEAVIGVLADALRKW,MSETAGYAEAVIGVLADALRKM
MSETAGYAEAVIGVLADADRKM,MSETAGYAEAVIGVLADALRKM
MSETAGYAEAVIGVLADALSKM,MSETAGYAEAVIGVLADALRKM
MSETAGYAEAVIGVLADALYKM,MSETAGYAEAVIGVLADALRKM
MSERAGYAEAVIGVLADALRKM,MSETAGYAEAVIGVLADALRKM
DKEIVQILDDIMSNLVYKINEI,IKEIVQILDDIMSNLVYKINEI
IKIIVQILDDIMSNLVYKINEI,IKEIVQILDDIMSNLVYKINEI
IKEIVAILDDIMSNLVYKINEI,IKEIVQILDDIMSNLVYKINEI
IKEIVQILDDIMSKLVYKINEI,IKEIVQILDDIMSNLVYKINEI
IKEIVQILDDIMSNLVYKIKEI,IKEIVQILDDIMSNLVYKINEI
IKEIVQILDDIMSNLVYKINRI,IKEIVQILDDIMSNLVYKINEI
IKEIVQILDDIMSNLVYKINEE,IKEIVQILDDIMSNLVYKINEI
IKEIVQILDDIMSNLVYKINEG,IKEIVQILDDIMSNLVYKINEI
IKEIVQILDDIMSNLVYKINED,IKEIVQILDDIMSNLVYKINEI
IKEIVQILDDIMSNLWYKINEI,IKEIVQILDDIMSNLVYKINEI
LGELERTAQNIISSLSRSIHQM,LGELERLAQNIISSLSRSIHQM
LGELERLAQNIISSLSRAIHQM,LGELERLAQNIISSLSRSIHQM
LGELERLAQNIISSLSRLIHQM,LGELERLAQNIISSLSRSIHQM
LGELERLAQNIISSLSRPIHQM,LGELERLAQNIISSLSRSIHQM
LGELERLAQNIISSLSRQIHQM,LGELERLAQNIISSLSRSIHQM
LGELERWAQNIISSLSRSIHQM,LGELERLAQNIISSLSRSIHQM
LGELERLAQNIISSLSRIIHQM,LGELERLAQNIISSLSRSIHQM
LGELERLAQNIISSLSRGIHQM,LGELERLAQNIISSLSRSIHQM
LGELERLAQNIISSLSRMIHQM,LGELERLAQNIISSLSRSIHQM
LGELERLAQNIISSLSRWIHQM,LGELERLAQNIISSLSRSIHQM
LRRIEELLEERTYQLKVALNHF,LHRIEELLEERTYQLKVALNHF
LTRIEELLEERTYQLKVALNHF,LHRIEELLEERTYQLKVALNHF
LHRIEELMEERTYQLKVALNHF,LHRIEELLEERTYQLKVALNHF
LHRIEELLEECTYQLKVALNHF,LHRIEELLEERTYQLKVALNHF
LHRIEELLEERTYQLKVACNHF,LHRIEELLEERTYQLKVALNHF
LHRIEELLEERTYQLKVALNWF,LHRIEELLEERTYQLKVALNHF
LHRIEELLEERTYQLKVALPHF,LHRIEELLEERTYQLKVALNHF
LHRIEELLEERTYQLKVALHHF,LHRIEELLEERTYQLKVALNHF
LHRIEELLEYRTYQLKVALNHF,LHRIEELLEERTYQLKVALNHF
LHRIEELLEERTYQLKVALQHF,LHRIEELLEERTYQLKVALNHF
IKHEMDTAHALIAELSRALNTT,IKHVMDTAHALIAELSRALNTT
IKHMMDTAHALIAELSRALNTT,IKHVMDTAHALIAELSRALNTT
IKHVMDTAHALIAELSRAINTT,IKHVMDTAHALIAELSRALNTT
IKHVMDTAHAVIAELSRALNTT,IKHVMDTAHALIAELSRALNTT
IKRVMDTAHALIAELSRALNTT,IKHVMDTAHALIAELSRALNTT
IKHSMDTAHALIAELSRALNTT,IKHVMDTAHALIAELSRALNTT
IKHVADTAHALIAELSRALNTT,IKHVMDTAHALIAELSRALNTT
IKHVMDTAHALIAELSRAKNTT,IKHVMDTAHALIAELSRALNTT
IKHVMDTAHALIAELSRANNTT,IKHVMDTAHALIAELSRALNTT
IKHVMDTAHALIAELSRALDTT,IKHVMDTAHALIAELSRALNTT
LDILKKGVKRIIGEVLTRFNEL,LDILKKGVKRIIGEVLTAFNEL
LDILKKGVKRIIGEVLTNFNEL,LDILKKGVKRIIGEVLTAFNEL
LDILKKTVKRIIGEVLTAFNEL,LDILKKGVKRIIGEVLTAFNEL
LDILKKGVKRIIGEVLTCFNEL,LDILKKGVKRIIGEVLTAFNEL
LDILKKGVKRIIGEVLTEFNEL,LDILKKGVKRIIGEVLTAFNEL
LDILKKGVKRIIGEVLTMFNEL,LDILKKGVKRIIGEVLTAFNEL
LDILKKGVKRIIGEVLTQFNEL,LDILKKGVKRIIGEVLTAFNEL
LDILKKGVKRIIGEVLTDFNEL,LDILKKGVKRIIGEVLTAFNEL
LDILKKWVKRIIGEVLTAFNEL,LDILKKGVKRIIGEVLTAFNEL
LDILKKGVKRIIGEVLTKFNEL,LDILKKGVKRIIGEVLTAFNEL
VRRIADRIQLLLVELEQQLDWL,VRRIADRIQALLVELEQQLDWL
VRRIADRIQALLKELEQQLDWL,VRRIADRIQALLVELEQQLDWL
VRRIADRIQALLSELEQQLDWL,VRRIADRIQALLVELEQQLDWL
VRRIADRIQALLVELEQQLDWQ,VRRIADRIQALLVELEQQLDWL
VRRIADRIQALLVELEQQLDWH,VRRIADRIQALLVELEQQLDWL
VRRIADRIQALLVENEQQLDWL,VRRIADRIQALLVELEQQLDWL
VRRIADRIQALLVGLEQQLDWL,VRRIADRIQALLVELEQQLDWL
VRRIADRIQALWVELEQQLDWL,VRRIADRIQALLVELEQQLDWL
VRRIADRIQALLTELEQQLDWL,VRRIADRIQALLVELEQQLDWL
VRRIADRFQALLVELEQQLDWL,VRRIADRIQALLVELEQQLDWL
TQYLNEAIKLMYGDVARCLEKT,TQYLNEAIKLMYGDVARELEKT
TQYLNEAIKLMYGDVARDLEKT,TQYLNEAIKLMYGDVARELEKT
TQYLNEAIKLMYGDVARNLEKT,TQYLNEAIKLMYGDVARELEKT
TQYLNEAIKLMYGDVARRLEKT,TQYLNEAIKLMYGDVARELEKT
TQYLNETIKLMYGDVARELEKT,TQYLNEAIKLMYGDVARELEKT
TQYLNEAIKLMYGDVARALEKT,TQYLNEAIKLMYGDVARELEKT
TQYLNEAIKLMYGDVARMLEKT,TQYLNEAIKLMYGDVARELEKT
TQYLNEAIKLMYGDVARQLEKT,TQYLNEAIKLMYGDVARELEKT
TQYLNEWIKLMYGDVARELEKT,TQYLNEAIKLMYGDVARELEKT
TQYLNEAIKLMYGDVARKLEKT,TQYLNEAIKLMYGDVARELEKT
LAAFRGVLKTLFGELGGMLNEF,LAAFRGVLKTLFGELGGYLNEF
LAAFRGVLKTLFGELGGQLNEF,LAAFRGVLKTLFGELGGYLNEF
LAAFRGVLKTLFGELGGDLNEF,LAAFRGVLKTLFGELGGYLNEF
LAAFRGSLKTLFGELGGYLNEF,LAAFRGVLKTLFGELGGYLNEF
LAAFRGVLKTLFGELGGCLNEF,LAAFRGVLKTLFGELGGYLNEF
LAAFRGVLKTLFGELGGALNEF,LAAFRGVLKTLFGELGGYLNEF
LAAFRGVLKTLFGELGGLLNEF,LAAFRGVLKTLFGELGGYLNEF
LAAFRGVLKTLFGELGGPLNEF,LAAFRGVLKTLFGELGGYLNEF
LAAFRGWLKTLFGELGGYLNEF,LAAFRGVLKTLFGELGGYLNEF
LAAFRGVLKTLFGELGGILNEF,LAAFRGVLKTLFGELGGYLNEF
WKRISNAVGEAMVGLARALNRM,LKRISNAVGEAMVGLARALNRM
LKRISNAVGEAMVGLARALNRP,LKRISNAVGEAMVGLARALNRM
LKRISNAVGEAMVGLARALTRM,LKRISNAVGEAMVGLARALNRM
LKRISNAVGEAMVGLAQALNRM,LKRISNAVGEAMVGLARALNRM
LKRISNAVGEAMVGEARALNRM,LKRISNAVGEAMVGLARALNRM
LKRISNAVGEAMVVLARALNRM,LKRISNAVGEAMVGLARALNRM
LKRISNAVGEAMVGLPRALNRM,LKRISNAVGEAMVGLARALNRM
LKRISNLVGEAMVGLARALNRM,LKRISNAVGEAMVGLARALNRM
LKRISMAVGEAMVGLARALNRM,LKRISNAVGEAMVGLARALNRM
LIRISNAVGEAMVGLARALNRM,LKRISNAVGEAMVGLARALNRM
RALISKFIRNAIGVIATGFDFL,IALISKFIRNAIGVIATGFDFL
TALISKFIRNAIGVIATGFDFL,IALISKFIRNAIGVIATGFDFL
IFLISKFIRNAIGVIATGFDFL,IALISKFIRNAIGVIATGFDFL
IAGISKFIRNAIGVIATGFDFL,IALISKFIRNAIGVIATGFDFL
IAMISKFIRNAIGVIATGFDFL,IALISKFIRNAIGVIATGFDFL
IALISYFIRNAIGVIATGFDFL,IALISKFIRNAIGVIATGFDFL
IALISKPIRNAIGVIATGFDFL,IALISKFIRNAIGVIATGFDFL
IALISKFIRNAIGVIATLFDFL,IALISKFIRNAIGVIATGFDFL
IALISKFIRNAIGVIATGFDIL,IALISKFIRNAIGVIATGFDFL
IALISKFIRNAIGVIATGFDDL,IALISKFIRNAIGVIATGFDFL
VMQLQRAASSVFGHLIECFNRM,VMQLQRAASSVFGHLIERFNRM
VMQLQRAASSVFGHLIEDFNRM,VMQLQRAASSVFGHLIERFNRM
VMQLQRAASSVFGHLIEMFNRM,VMQLQRAASSVFGHLIERFNRM
VMQLQRAASSVFGHLIEQFNRM,VMQLQRAASSVFGHLIERFNRM
VMQLQRTASSVFGHLIERFNRM,VMQLQRAASSVFGHLIERFNRM
VMQLQRAASSVFGHLIEAFNRM,VMQLQRAASSVFGHLIERFNRM
VMQLQRAASSVFGHLIELFNRM,VMQLQRAASSVFGHLIERFNRM
VMQLQRAASSVFGHLIEPFNRM,VMQLQRAASSVFGHLIERFNRM
VMQLQRWASSVFGHLIERFNRM,VMQLQRAASSVFGHLIERFNRM
VMQLQRAASSVFGHLIEIFNRM,VMQLQRAASSVFGHLIERFNRM
LKELMKGVKKIFGDLRDDFNLM,LKELMKGVKKIFGDLRDAFNLM
LKELMKGVKKIFGDLRDEFNLM,LKELMKGVKKIFGDLRDAFNLM
LKELMKGVKKIFGDLRDNFNLM,LKELMKGVKKIFGDLRDAFNLM
LKELMKGVKKIFGDLRDRFNLM,LKELMKGVKKIFGDLRDAFNLM
LKELMKTVKKIFGDLRDAFNLM,LKELMKGVKKIFGDLRDAFNLM
LKELMKGVKKIFGDLRDCFNLM,LKELMKGVKKIFGDLRDAFNLM
LKELMKGVKKIFGDLRDMFNLM,LKELMKGVKKIFGDLRDAFNLM
LKELMKGVKKIFGDLRDQFNLM,LKELMKGVKKIFGDLRDAFNLM
LKELMKWVKKIFGDLRDAFNLM,LKELMKGVKKIFGDLRDAFNLM
LKELMKGVKKIFGDLRDKFNLM,LKELMKGVKKIFGDLRDAFNLM
LQTLADTLNRQLQPLINDMNAL,LQTLADTLNRQLQPLINAMNAL
LQTLADTLNRQLQPLINEMNAL,LQTLADTLNRQLQPLINAMNAL
LQTLADTLNRQLQPLINNMNAL,LQTLADTLNRQLQPLINAMNAL
LQTLADTLNRQLQPLINRMNAL,LQTLADTLNRQLQPLINAMNAL
LQTLADSLNRQLQPLINAMNAL,LQTLADTLNRQLQPLINAMNAL
LQTLADTLNRQLQPLINCMNAL,LQTLADTLNRQLQPLINAMNAL
LQTLADTLNRQLQPLINMMNAL,LQTLADTLNRQLQPLINAMNAL
LQTLADTLNRQLQPLINQMNAL,LQTLADTLNRQLQPLINAMNAL
LQTLADWLNRQLQPLINAMNAL,LQTLADTLNRQLQPLINAMNAL
LQTLADTLNRQLQPLINKMNAL,LQTLADTLNRQLQPLINAMNAL
LGQMRDAAERLVGQLARDFNDM,LGQMRDAAERLVGQLARAFNDM
LGQMRDAAERLVGQLAREFNDM,LGQMRDAAERLVGQLARAFNDM
LGQMRDAAERLVGQLARNFNDM,LGQMRDAAERLVGQLARAFNDM
LGQMRDAAERLVGQLARRFNDM,LGQMRDAAERLVGQLARAFNDM
LGQMRDTAERLVGQLARAFNDM,LGQMRDAAERLVGQLARAFNDM
LGQMRDAAERLVGQLARCFNDM,LGQMRDAAERLVGQLARAFNDM
LGQMRDAAERLVGQLARMFNDM,LGQMRDAAERLVGQLARAFNDM
LGQMRDAAERLVGQLARQFNDM,LGQMRDAAERLVGQLARAFNDM
LGQMRDWAERLVGQLARAFNDM,LGQMRDAAERLVGQLARAFNDM
LGQMRDAAERLVGQLARKFNDM,LGQMRDAAERLVGQLARAFNDM
IRSITSHVQTIIGILAHNVNQM,IRLITSHVQTIIGILAHNVNQM
IRLITCHVQTIIGILAHNVNQM,IRLITSHVQTIIGILAHNVNQM
IRLITFHVQTIIGILAHNVNQM,IRLITSHVQTIIGILAHNVNQM
IRLITSHVQTYIGILAHNVNQM,IRLITSHVQTIIGILAHNVNQM
IRLITSHVQTIIGILAHNQNQM,IRLITSHVQTIIGILAHNVNQM
IRLITSHVQTIIGILAHNVVQM,IRLITSHVQTIIGILAHNVNQM
IRNITSHVQTIIGILAHNVNQM,IRLITSHVQTIIGILAHNVNQM
IRLITSHVQTIIGILAFNVNQM,IRLITSHVQTIIGILAHNVNQM
IRLITSHVQTIIGILAHNVNWM,IRLITSHVQTIIGILAHNVNQM
IRLITSHVQTIIGILAHNVHQM,IRLITSHVQTIIGILAHNVNQM
LNDLQEAIRQRVAGCVSTLNRL,LNDLQEAIRQRVAGVVSTLNRL
LNDLQEAIRWRVAGVVSTLNRL,LNDLQEAIRQRVAGVVSTLNRL
LNDLQEAIRMRVAGVVSTLNRL,LNDLQEAIRQRVAGVVSTLNRL
LNDLQEAIRQRVAGKVSTLNRL,LNDLQEAIRQRVAGVVSTLNRL
LNDLQEAIRQRVAGVVSFLNRL,LNDLQEAIRQRVAGVVSTLNRL
LNDLQEAIRQRVAGQVSTLNRL,LNDLQEAIRQRVAGVVSTLNRL
LNDLQEAIRQRVAGVVSRLNRL,LNDLQEAIRQRVAGVVSTLNRL
LNDLQEAIRQRVAGVFSTLNRL,LNDLQEAIRQRVAGVVSTLNRL
LNDLQENIRQRVAGVVSTLNRL,LNDLQEAIRQRVAGVVSTLNRL
LNDLQEAIRQRVAGVVSNLNRL,LNDLQEAIRQRVAGVVSTLNRL
LKRVTAQANAILRQVTLAMNQM,LKRVTAQALAILRQVTLAMNQM
LKRVTAQALAILRQVTLAMNAM,LKRVTAQALAILRQVTLAMNQM
LCRVTAQALAILRQVTLAMNQM,LKRVTAQALAILRQVTLAMNQM
LKRNTAQALAILRQVTLAMNQM,LKRVTAQALAILRQVTLAMNQM
LKRVVAQALAILRQVTLAMNQM,LKRVTAQALAILRQVTLAMNQM
LKRVTAQALAILRQVVLAMNQM,LKRVTAQALAILRQVTLAMNQM
LKRVTAQALAILRQVTLAENQM,LKRVTAQALAILRQVTLAMNQM
LKRVTAQALAILRQVTLAMDQM,LKRVTAQALAILRQVTLAMNQM
LKRVTAQALAILRQVTLAMIQM,LKRVTAQALAILRQVTLAMNQM
LKRVTAQALAILRQVTLAMNPM,LKRVTAQALAILRQVTLAMNQM
IHRAVDLAEAVIGRLQHDLKNM,IHRAVDLAEAVIGRLQHALKNM
IHRAVDLAEAVIGRLQHELKNM,IHRAVDLAEAVIGRLQHALKNM
IHRAVDLAEAVIGRLQHNLKNM,IHRAVDLAEAVIGRLQHALKNM
IHRAVDLAEAVIGRLQHRLKNM,IHRAVDLAEAVIGRLQHALKNM
IHRAVDTAEAVIGRLQHALKNM,IHRAVDLAEAVIGRLQHALKNM
IHRAVDLAEAVIGRLQHCLKNM,IHRAVDLAEAVIGRLQHALKNM
IHRAVDLAEAVIGRLQHMLKNM,IHRAVDLAEAVIGRLQHALKNM
IHRAVDLAEAVIGRLQHQLKNM,IHRAVDLAEAVIGRLQHALKNM
IHRAVDWAEAVIGRLQHALKNM,IHRAVDLAEAVIGRLQHALKNM
IHRAVDLAEAVIGRLQHKLKNM,IHRAVDLAEAVIGRLQHALKNM
LSQLTDASRQLLALLSRCFNDA,LSQLTDASRQLLALLSRSFNDA
LSQLTDASRQLLALLSRDFNDA,LSQLTDASRQLLALLSRSFNDA
LSQLTDASRQLLALLSRMFNDA,LSQLTDASRQLLALLSRSFNDA
LSQLTDASRQLLALLSRQFNDA,LSQLTDASRQLLALLSRSFNDA
LSQLTDTSRQLLALLSRSFNDA,LSQLTDASRQLLALLSRSFNDA
LSQLTDASRQLLALLSRAFNDA,LSQLTDASRQLLALLSRSFNDA
LSQLTDASRQLLALLSRLFNDA,LSQLTDASRQLLALLSRSFNDA
LSQLTDASRQLLALLSRPFNDA,LSQLTDASRQLLALLSRSFNDA
LSQLTDWSRQLLALLSRSFNDA,LSQLTDASRQLLALLSRSFNDA
LSQLTDASRQLLALLSRIFNDA,LSQLTDASRQLLALLSRSFNDA
IKQLSRLFKQLFGQLLRCFNKT,IKQLSRLFKQLFGQLLRQFNKT
IKQLSRLFKQLFGQLLRDFNKT,IKQLSRLFKQLFGQLLRQFNKT
IKQLSRLFKQLFGQLLRMFNKT,IKQLSRLFKQLFGQLLRQFNKT
IKQLSRLFKQLFGQLLRRFNKT,IKQLSRLFKQLFGQLLRQFNKT
IKQLSRTFKQLFGQLLRQFNKT,IKQLSRLFKQLFGQLLRQFNKT
IKQLSRLFKQLFGQLLRAFNKT,IKQLSRLFKQLFGQLLRQFNKT
IKQLSRLFKQLFGQLLRLFNKT,IKQLSRLFKQLFGQLLRQFNKT
IKQLSRLFKQLFGQLLRPFNKT,IKQLSRLFKQLFGQLLRQFNKT
IKQLSRWFKQLFGQLLRQFNKT,IKQLSRLFKQLFGQLLRQFNKT
IKQLSRLFKQLFGQLLRIFNKT,IKQLSRLFKQLFGQLLRQFNKT
VRAIAEVASWVVAELKDNINLM,VRAIAEVASAVVAELKDNINLM
VRAIAEVASNVVAELKDNINLM,VRAIAEVASAVVAELKDNINLM
VRAIAEVASAVVAEKKDNINLM,VRAIAEVASAVVAELKDNINLM
VRAIAEVASAVVAELKDFINLM,VRAIAEVASAVVAELKDNINLM
VRAIAEVASAVVAECKDNINLM,VRAIAEVASAVVAELKDNINLM
VRAIAEVASAVVAELKDSINLM,VRAIAEVASAVVAELKDNINLM
VRAIAEMASAVVAELKDNINLM,VRAIAEVASAVVAELKDNINLM
VRAIAEVASAVVDELKDNINLM,VRAIAEVASAVVAELKDNINLM
VRAIAEVASAVVAELNDNINLM,VRAIAEVASAVVAELKDNINLM
VRAIAEVASAVVAELKDYINLM,VRAIAEVASAVVAELKDNINLM
VTRLQQALARLFGQLTACFNLM,VTRLQQALARLFGQLTAGFNLM
VTRLQQALARLFGQLTADFNLM,VTRLQQALARLFGQLTAGFNLM
VTRLQQALARLFGQLTANFNLM,VTRLQQALARLFGQLTAGFNLM
VTRLQQALARLFGQLTARFNLM,VTRLQQALARLFGQLTAGFNLM
VTRLQQTLARLFGQLTAGFNLM,VTRLQQALARLFGQLTAGFNLM
VTRLQQALARLFGQLTAAFNLM,VTRLQQALARLFGQLTAGFNLM
VTRLQQALARLFGQLTAMFNLM,VTRLQQALARLFGQLTAGFNLM
VTRLQQALARLFGQLTAQFNLM,VTRLQQALARLFGQLTAGFNLM
VTRLQQWLARLFGQLTAGFNLM,VTRLQQALARLFGQLTAGFNLM
VTRLQQALARLFGQLTAKFNLM,VTRLQQALARLFGQLTAGFNLM
LKRIRDALTRRLKPLCETQNQL,LKRIRDALTRRLKPLVETQNQL
LKRIRDALTRRLKPLVEEQNQL,LKRIRDALTRRLKPLVETQNQL
LKRIRTALTRRLKPLVETQNQL,LKRIRDALTRRLKPLVETQNQL
LKRIRDALTHRLKPLVETQNQL,LKRIRDALTRRLKPLVETQNQL
LKRIRDASTRRLKPLVETQNQL,LKRIRDALTRRLKPLVETQNQL
LKRIRDALTRRLKPLVENQNQL,LKRIRDALTRRLKPLVETQNQL
LKRIRDALTRRLKPLVESQNQL,LKRIRDALTRRLKPLVETQNQL
LKRIRDALTRRLKPLVEVQNQL,LKRIRDALTRRLKPLVETQNQL
LKRIRDALTRRLKPLVEWQNQL,LKRIRDALTRRLKPLVETQNQL
LKRIRDALTRRLKPLFETQNQL,LKRIRDALTRRLKPLVETQNQL
WRQMAAVTTTMIGVLGRNINEL,IRQMAAVTTTMIGVLGRNINEL
IRQMAAVTTTMIGVLGRNINEP,IRQMAAVTTTMIGVLGRNINEL
IRQMAAVTTTMIGVLGRNITEL,IRQMAAVTTTMIGVLGRNINEL
IRQMAAVTTTMIGVLGQNINEL,IRQMAAVTTTMIGVLGRNINEL
IRQMAAVTTTMIGVEGRNINEL,IRQMAAVTTTMIGVLGRNINEL
IRQMAAVTTTMIGTLGRNINEL,IRQMAAVTTTMIGVLGRNINEL
IRQMAAVTTTMIGVLPRNINEL,IRQMAAVTTTMIGVLGRNINEL
IRQMAAKTTTMIGVLGRNINEL,IRQMAAVTTTMIGVLGRNINEL
IRQMANVTTTMIGVLGRNINEL,IRQMAAVTTTMIGVLGRNINEL
IIQMAAVTTTMIGVLGRNINEL,IRQMAAVTTTMIGVLGRNINEL
IGKLVKLMNKIIGKLGICFVDM,IGKLVKLMNKIIGKLGINFVDM
IGKLVKLMNKIIGKLGIDFVDM,IGKLVKLMNKIIGKLGINFVDM
IGKLVKLMNKIIGKLGIMFVDM,IGKLVKLMNKIIGKLGINFVDM
IGKLVKLMNKIIGKLGIRFVDM,IGKLVKLMNKIIGKLGINFVDM
IGKLVKTMNKIIGKLGINFVDM,IGKLVKLMNKIIGKLGINFVDM
IGKLVKLMNKIIGKLGIAFVDM,IGKLVKLMNKIIGKLGINFVDM
IGKLVKLMNKIIGKLGILFVDM,IGKLVKLMNKIIGKLGINFVDM
IGKLVKLMNKIIGKLGIQFVDM,IGKLVKLMNKIIGKLGINFVDM
IGKLVKWMNKIIGKLGINFVDM,IGKLVKLMNKIIGKLGINFVDM
IGKLVKLMNKIIGKLGIIFVDM,IGKLVKLMNKIIGKLGINFVDM
LDRVRAVLEALLGQMAACLERA,LDRVRAVLEALLGQMAAALERA
LDRVRAVLEALLGQMAAMLERA,LDRVRAVLEALLGQMAAALERA
LDRVRAVLEALLGQMAAQLERA,LDRVRAVLEALLGQMAAALERA
LDRVRASLEALLGQMAAALERA,LDRVRAVLEALLGQMAAALERA
LDRVRAWLEALLGQMAAALERA,LDRVRAVLEALLGQMAAALERA
LDRVRAVLEALLGQMAARLERA,LDRVRAVLEALLGQMAAALERA
LDRVRAVLEALLGQMAAKLERA,LDRVRAVLEALLGQMAAALERA
LDRVRAVLEALLGQMAAHLERA,LDRVRAVLEALLGQMAAALERA
LDRVRAVLEALLGQMAAWLERA,LDRVRAVLEALLGQMAAALERA
LDRVRAVLEALLGQMAATLERA,LDRVRAVLEALLGQMAAALERA
VDELKKGAEIFLEELANCFNGM,VDELKKGAEIFLEELANSFNGM
VDELKKGAEIFLEELANDFNGM,VDELKKGAEIFLEELANSFNGM
VDELKKGAEIFLEELANMFNGM,VDELKKGAEIFLEELANSFNGM
VDELKKGAEIFLEELANQFNGM,VDELKKGAEIFLEELANSFNGM
VDELKKTAEIFLEELANSFNGM,VDELKKGAEIFLEELANSFNGM
VDELKKGAEIFLEELANAFNGM,VDELKKGAEIFLEELANSFNGM
VDELKKGAEIFLEELANLFNGM,VDELKKGAEIFLEELANSFNGM
VDELKKGAEIFLEELANPFNGM,VDELKKGAEIFLEELANSFNGM
VDELKKWAEIFLEELANSFNGM,VDELKKGAEIFLEELANSFNGM
VDELKKGAEIFLEELANIFNGM,VDELKKGAEIFLEELANSFNGM
LQHAATRIETVIGRLSQHLQMM,LQHAATRIETIIGRLSQHLQMM
LQRAATRIETIIGRLSQHLQMM,LQHAATRIETIIGRLSQHLQMM
LQHFATRIETIIGRLSQHLQMM,LQHAATRIETIIGRLSQHLQMM
LQHNATRIETIIGRLSQHLQMM,LQHAATRIETIIGRLSQHLQMM
LQHTATRIETIIGRLSQHLQMM,LQHAATRIETIIGRLSQHLQMM
LQHACTRIETIIGRLSQHLQMM,LQHAATRIETIIGRLSQHLQMM
LQHAATRIETIIGRLSQHIQMM,LQHAATRIETIIGRLSQHLQMM
LQHAATRIETIIGRLSQHKQMM,LQHAATRIETIIGRLSQHLQMM
LQHAATRIETIIGRLSQHNQMM,LQHAATRIETIIGRLSQHLQMM
LQHAATRIRTIIGRLSQHLQMM,LQHAATRIETIIGRLSQHLQMM
MAKVLSAAERMMAQLSSCFNEM,MAKVLSAAERMMAQLSSQFNEM
MAKVLSAAERMMAQLSSDFNEM,MAKVLSAAERMMAQLSSQFNEM
MAKVLSAAERMMAQLSSMFNEM,MAKVLSAAERMMAQLSSQFNEM
MAKVLSAAERMMAQLSSRFNEM,MAKVLSAAERMMAQLSSQFNEM
MAKVLSTAERMMAQLSSQFNEM,MAKVLSAAERMMAQLSSQFNEM
MAKVLSAAERMMAQLSSAFNEM,MAKVLSAAERMMAQLSSQFNEM
MAKVLSAAERMMAQLSSLFNEM,MAKVLSAAERMMAQLSSQFNEM
MAKVLSAAERMMAQLSSPFNEM,MAKVLSAAERMMAQLSSQFNEM
MAKVLSWAERMMAQLSSQFNEM,MAKVLSAAERMMAQLSSQFNEM
MAKVLSAAERMMAQLSSIFNEM,MAKVLSAAERMMAQLSSQFNEM
VRDIAQVTTAVILELKNCINRM,VRDIAQVTTAVILELKNTINRM
VRDIAQVTTAVILELKNDINRM,VRDIAQVTTAVILELKNTINRM
VRDIAQVTTAVILELKNMINRM,VRDIAQVTTAVILELKNTINRM
VRDIAQVTTAVILELKNQINRM,VRDIAQVTTAVILELKNTINRM
VRDIAQSTTAVILELKNTINRM,VRDIAQVTTAVILELKNTINRM
VRDIAQVTTAVILELKNAINRM,VRDIAQVTTAVILELKNTINRM
VRDIAQVTTAVILELKNLINRM,VRDIAQVTTAVILELKNTINRM
VRDIAQVTTAVILELKNPINRM,VRDIAQVTTAVILELKNTINRM
VRDIAQWTTAVILELKNTINRM,VRDIAQVTTAVILELKNTINRM
VRDIAQVTTAVILELKNIINRM,VRDIAQVTTAVILELKNTINRM
ILTIIGGMNRVLTMISEQFNHM,ILTIIGGMNRVLTMISERFNHM
ILTIIGGMNRVLTMISEMFNHM,ILTIIGGMNRVLTMISERFNHM
ILTIIGTMNRVLTMISERFNHM,ILTIIGGMNRVLTMISERFNHM
ILTIIGGMNRVLTMISEAFNHM,ILTIIGGMNRVLTMISERFNHM
ILTIIGGMNRVLTMISELFNHM,ILTIIGGMNRVLTMISERFNHM
ILTIIGGMNRVLTMISEPFNHM,ILTIIGGMNRVLTMISERFNHM
ILTIIGGMNRVLTMISEDFNHM,ILTIIGGMNRVLTMISERFNHM
ILTIIGGMNRVLTMISECFNHM,ILTIIGGMNRVLTMISERFNHM
ILTIIGWMNRVLTMISERFNHM,ILTIIGGMNRVLTMISERFNHM
ILTIIGGMNRVLTMISEIFNHM,ILTIIGGMNRVLTMISERFNHM
LNQLIDRANNLIAQASEAINNF,LNELIDRANNLIAQASEAINNF
LNELGDRANNLIAQASEAINNF,LNELIDRANNLIAQASEAINNF
LNELIDRAYNLIAQASEAINNF,LNELIDRANNLIAQASEAINNF
LNELIDRANNHIAQASEAINNF,LNELIDRANNLIAQASEAINNF
LNELIDRANNLVAQASEAINNF,LNELIDRANNLIAQASEAINNF
LNELIDRANNLIASASEAINNF,LNELIDRANNLIAQASEAINNF
LNELIDRANNLIAQASEAINTF,LNELIDRANNLIAQASEAINNF
LNELIDRANNLIAQASEAINPF,LNELIDRANNLIAQASEAINNF
LNELIDRANNLIAQASEAINMF,LNELIDRANNLIAQASEAINNF
LNELIDRANNLIAQASEAINGF,LNELIDRANNLIAQASEAINNF
IGHLAESAEAVIGRLVDAFNTM,IGHLAEVAEAVIGRLVDAFNTM
IGHLAEVAEAVIGRLVDCFNTM,IGHLAEVAEAVIGRLVDAFNTM
IGHLAEVAEAVIGRLVDMFNTM,IGHLAEVAEAVIGRLVDAFNTM
IGHLAEVAEAVIGRLVDQFNTM,IGHLAEVAEAVIGRLVDAFNTM
IGHLAEVAEAVIGRLVDRFNTM,IGHLAEVAEAVIGRLVDAFNTM
IGHLAEWAEAVIGRLVDAFNTM,IGHLAEVAEAVIGRLVDAFNTM
IGHLAEVAEAVIGRLVDKFNTM,IGHLAEVAEAVIGRLVDAFNTM
IGHLAEVAEAVIGRLVDHFNTM,IGHLAEVAEAVIGRLVDAFNTM
IGHLAEVAEAVIGRLVDNFNTM,IGHLAEVAEAVIGRLVDAFNTM
IGHLAEVAEAVIGRLVDWFNTM,IGHLAEVAEAVIGRLVDAFNTM
INDISRVIRNIFKPIKDSLDNI,INDISRVIENIFKPIKDSLDNI
INDISRVIENIFKPIKDSPDNI,INDISRVIENIFKPIKDSLDNI
INDISRVIENIFKPIKDSWDNI,INDISRVIENIFKPIKDSLDNI
INRISRVIENIFKPIKDSLDNI,INDISRVIENIFKPIKDSLDNI
INDTSRVIENIFKPIKDSLDNI,INDISRVIENIFKPIKDSLDNI
INDIARVIENIFKPIKDSLDNI,INDISRVIENIFKPIKDSLDNI
INDISRVIEPIFKPIKDSLDNI,INDISRVIENIFKPIKDSLDNI
INDISRVIENIFKPIKDSFDNI,INDISRVIENIFKPIKDSLDNI
INDISRVIENIFKPIKDSKDNI,INDISRVIENIFKPIKDSLDNI
INDISRVIENIFKPIKDSNDNI,INDISRVIENIFKPIKDSLDNI
LIRLRNWVRNRLRPLVTALNQY,LIRLRNEVRNRLRPLVTALNQY
LIRLRNEVRNRLRPLVTKLNQY,LIRLRNEVRNRLRPLVTALNQY
LIRLRNEVRNRLRPLVTHLNQY,LIRLRNEVRNRLRPLVTALNQY
LIRLRNEVRNRLRPLVTCLNQY,LIRLRNEVRNRLRPLVTALNQY
LIRLRNEVRNRLRPLVTMLNQY,LIRLRNEVRNRLRPLVTALNQY
LIRLRNEVRNRLRPLVTQLNQY,LIRLRNEVRNRLRPLVTALNQY
LIRLRNTVRNRLRPLVTALNQY,LIRLRNEVRNRLRPLVTALNQY
LIRLRNEVRNRLRPLVTWLNQY,LIRLRNEVRNRLRPLVTALNQY
LIRLRNEVRNRLRPLVTTLNQY,LIRLRNEVRNRLRPLVTALNQY
LIRLRNEVRNRLRPLCTALNQY,LIRLRNEVRNRLRPLVTALNQY
LSELFAATKRVIATVIKDFNQM,LSELFAATKRVIATVIKAFNQM
LSELFAATKRVIATVIKEFNQM,LSELFAATKRVIATVIKAFNQM
LSELFAATKRVIATVIKNFNQM,LSELFAATKRVIATVIKAFNQM
LSELFAATKRVIATVIKRFNQM,LSELFAATKRVIATVIKAFNQM
LSELFATTKRVIATVIKAFNQM,LSELFAATKRVIATVIKAFNQM
LSELFAATKRVIATVIKCFNQM,LSELFAATKRVIATVIKAFNQM
LSELFAATKRVIATVIKMFNQM,LSELFAATKRVIATVIKAFNQM
LSELFAATKRVIATVIKQFNQM,LSELFAATKRVIATVIKAFNQM
LSELFAWTKRVIATVIKAFNQM,LSELFAATKRVIATVIKAFNQM
LSELFAATKRVIATVIKKFNQM,LSELFAATKRVIATVIKAFNQM
LHKLKKTVNTVLGDVAQAFNNM,LHKLKKAVNTVLGDVAQAFNNM
LHKLKKAVNTVLGDVAQCFNNM,LHKLKKAVNTVLGDVAQAFNNM
LHKLKKAVNTVLGDVAQMFNNM,LHKLKKAVNTVLGDVAQAFNNM
LHKLKKAVNTVLGDVAQQFNNM,LHKLKKAVNTVLGDVAQAFNNM
LHKLKKAVNTVLGDVAQRFNNM,LHKLKKAVNTVLGDVAQAFNNM
LHKLKKWVNTVLGDVAQAFNNM,LHKLKKAVNTVLGDVAQAFNNM
LHKLKKAVNTVLGDVAQKFNNM,LHKLKKAVNTVLGDVAQAFNNM
LHKLKKAVNTVLGDVAQHFNNM,LHKLKKAVNTVLGDVAQAFNNM
LHKLKKAVNTVLGDVAQNFNNM,LHKLKKAVNTVLGDVAQAFNNM
LHKLKKAVNTVLGDVAQWFNNM,LHKLKKAVNTVLGDVAQAFNNM
LSIIEHYASDVIASMQHAIATM,LSIIEHYASDVIASMQHSIATM
LSIIEHYASDVIASMQHLIATM,LSIIEHYASDVIASMQHSIATM
LSIIEHYASDVIASMQHPIATM,LSIIEHYASDVIASMQHSIATM
LSIIEHSASDVIASMQHSIATM,LSIIEHYASDVIASMQHSIATM
LSIIEHVASDVIASMQHSIATM,LSIIEHYASDVIASMQHSIATM
LSIIEHYASDVIASMQHIIATM,LSIIEHYASDVIASMQHSIATM
LSIIEHYASDVIASMQHGIATM,LSIIEHYASDVIASMQHSIATM
LSIIEHYASDVIASMQHQIATM,LSIIEHYASDVIASMQHSIATM
LSIIEHYASDVIASMQHWIATM,LSIIEHYASDVIASMQHSIATM
LSIIEHYASDVIASMQHTIATM,LSIIEHYASDVIASMQHSIATM
ILKLKESVEIFIEELADCFNHM,ILKLKESVEIFIEELADSFNHM
ILKLKESVEIFIEELADDFNHM,ILKLKESVEIFIEELADSFNHM
ILKLKESVEIFIEELADMFNHM,ILKLKESVEIFIEELADSFNHM
ILKLKESVEIFIEELADQFNHM,ILKLKESVEIFIEELADSFNHM
ILKLKETVEIFIEELADSFNHM,ILKLKESVEIFIEELADSFNHM
ILKLKESVEIFIEELADAFNHM,ILKLKESVEIFIEELADSFNHM
ILKLKESVEIFIEELADLFNHM,ILKLKESVEIFIEELADSFNHM
ILKLKESVEIFIEELADPFNHM,ILKLKESVEIFIEELADSFNHM
ILKLKEWVEIFIEELADSFNHM,ILKLKESVEIFIEELADSFNHM
ILKLKESVEIFIEELADIFNHM,ILKLKESVEIFIEELADSFNHM
LTDLTDKIGLIYGMLARDINKM,LTDLTDKIGLIFGMLARDINKM
LTDLTDKIGLIFGHLARDINKM,LTDLTDKIGLIFGMLARDINKM
LTDLTVKIGLIFGMLARDINKM,LTDLTDKIGLIFGMLARDINKM
LTDLTDKPGLIFGMLARDINKM,LTDLTDKIGLIFGMLARDINKM
LTDLTDKIGIIFGMLARDINKM,LTDLTDKIGLIFGMLARDINKM
LTDLTDKIGLIFAMLARDINKM,LTDLTDKIGLIFGMLARDINKM
LTDLTDVIGLIFGMLARDINKM,LTDLTDKIGLIFGMLARDINKM
LTDLTDKILLIFGMLARDINKM,LTDLTDKIGLIFGMLARDINKM
LTDLTDKIGVIFGMLARDINKM,LTDLTDKIGLIFGMLARDINKM
LTDLTDKFGLIFGMLARDINKM,LTDLTDKIGLIFGMLARDINKM
LAALRRQLAAVIMPLVQCFNHV,LAALRRQLAAVIMPLVQEFNHV
LAALRRQLAAVIMPLVQDFNHV,LAALRRQLAAVIMPLVQEFNHV
LAALRRQLAAVIMPLVQNFNHV,LAALRRQLAAVIMPLVQEFNHV
LAALRRQLAAVIMPLVQRFNHV,LAALRRQLAAVIMPLVQEFNHV
LAALRRTLAAVIMPLVQEFNHV,LAALRRQLAAVIMPLVQEFNHV
LAALRRQLAAVIMPLVQAFNHV,LAALRRQLAAVIMPLVQEFNHV
LAALRRQLAAVIMPLVQMFNHV,LAALRRQLAAVIMPLVQEFNHV
LAALRRQLAAVIMPLVQQFNHV,LAALRRQLAAVIMPLVQEFNHV
LAALRRWLAAVIMPLVQEFNHV,LAALRRQLAAVIMPLVQEFNHV
LAALRRQLAAVIMPLVQKFNHV,LAALRRQLAAVIMPLVQEFNHV
VVDFQQWIESRFEPIAGAINRL,VVDFQQDIESRFEPIAGAINRL
VVDFQQDIESRFEPIAGKINRL,VVDFQQDIESRFEPIAGAINRL
VVDFQQDIESRFEPIAGHINRL,VVDFQQDIESRFEPIAGAINRL
VVDFQQDIESRFEPIAGCINRL,VVDFQQDIESRFEPIAGAINRL
VVDFQQDIESRFEPIAGMINRL,VVDFQQDIESRFEPIAGAINRL
VVDFQQDIESRFEPIAGQINRL,VVDFQQDIESRFEPIAGAINRL
VVDFQQDIESRFEPIAGWINRL,VVDFQQDIESRFEPIAGAINRL
VVDFQQDIESRFEPIAGTINRL,VVDFQQDIESRFEPIAGAINRL
VVDFQQTIESRFEPIAGAINRL,VVDFQQDIESRFEPIAGAINRL
VVDFQQDIESRFEPIDGAINRL,VVDFQQDIESRFEPIAGAINRL
VGSLHQGVRKLLGELAEDFNGM,VGSLHQGVRKLLGELAEAFNGM
VGSLHQGVRKLLGELAEEFNGM,VGSLHQGVRKLLGELAEAFNGM
VGSLHQGVRKLLGELAENFNGM,VGSLHQGVRKLLGELAEAFNGM
VGSLHQGVRKLLGELAERFNGM,VGSLHQGVRKLLGELAEAFNGM
VGSLHQTVRKLLGELAEAFNGM,VGSLHQGVRKLLGELAEAFNGM
VGSLHQGVRKLLGELAECFNGM,VGSLHQGVRKLLGELAEAFNGM
VGSLHQGVRKLLGELAEMFNGM,VGSLHQGVRKLLGELAEAFNGM
VGSLHQGVRKLLGELAEQFNGM,VGSLHQGVRKLLGELAEAFNGM
VGSLHQWVRKLLGELAEAFNGM,VGSLHQGVRKLLGELAEAFNGM
VGSLHQGVRKLLGELAEKFNGM,VGSLHQGVRKLLGELAEAFNGM
IDRMASVLQRALAVIGRAINKV,IDRMASVLQRALAVIGRTINKV
IDRMASVLQRALAVIGRLINKV,IDRMASVLQRALAVIGRTINKV
IDRMASVLQRALAVIGRPINKV,IDRMASVLQRALAVIGRTINKV
IDRMASSLQRALAVIGRTINKV,IDRMASVLQRALAVIGRTINKV
IDRMASWLQRALAVIGRTINKV,IDRMASVLQRALAVIGRTINKV
IDRMASVLQRALAVIGRQINKV,IDRMASVLQRALAVIGRTINKV
IDRMASVLQRALAVIGRIINKV,IDRMASVLQRALAVIGRTINKV
IDRMASVLQRALAVIGRGINKV,IDRMASVLQRALAVIGRTINKV
IDRMASVLQRALAVIGRWINKV,IDRMASVLQRALAVIGRTINKV
IDRMASVLQRALAVIGRSINKV,IDRMASVLQRALAVIGRTINKV
INQLVMRIQRIIGTLASNAQQM,INQLVMRIQRIIGTLASNVQQM
INQLVMRIQRIIGTLASNRQQM,INQLVMRIQRIIGTLASNVQQM
INQLVMRIQRIIGTLASNTQQM,INQLVMRIQRIIGTLASNVQQM
INQVVMRIQRIIGTLASNVQQM,INQLVMRIQRIIGTLASNVQQM
INQLVMRIQRIIGTLASNVQVM,INQLVMRIQRIIGTLASNVQQM
INQLVMRIQRIIGTLASNSQQM,INQLVMRIQRIIGTLASNVQQM
INQLVMRIQRIIGTLASNHQQM,INQLVMRIQRIIGTLASNVQQM
INQLVMRIQRIIGTLASNVQFM,INQLVMRIQRIIGTLASNVQQM
INQLVMRIQRIIGTLASNVQQW,INQLVMRIQRIIGTLASNVQQM
INQLVMRIQRIIGTLASNVSQM,INQLVMRIQRIIGTLASNVQQM
LQRLREELVQRLAPLVDWLNQL,LQRLREELVQRLAPLVDSLNQL
LQRLREELVQRLAPLVDTLNQL,LQRLREELVQRLAPLVDSLNQL
LQRLREELVQRLAPLCDSLNQL,LQRLREELVQRLAPLVDSLNQL
LQRLREELVQRLAPLVDELNQL,LQRLREELVQRLAPLVDSLNQL
LQRLRTELVQRLAPLVDSLNQL,LQRLREELVQRLAPLVDSLNQL
LQRLREELVHRLAPLVDSLNQL,LQRLREELVQRLAPLVDSLNQL
LQRLREELVQRLAPLVDGLNQL,LQRLREELVQRLAPLVDSLNQL
LQRLREESVQRLAPLVDSLNQL,LQRLREELVQRLAPLVDSLNQL
LQRLREELVQRLAPLVDNLNQL,LQRLREELVQRLAPLVDSLNQL
LQRLREELVQRLAPLVDVLNQL,LQRLREELVQRLAPLVDSLNQL
IHEAVAVADALTGQMMSCISNM,IHEAVAVADALTGQMMSSISNM
IHEAVAVADALTGQMMSDISNM,IHEAVAVADALTGQMMSSISNM
IHEAVAVADALTGQMMSMISNM,IHEAVAVADALTGQMMSSISNM
IHEAVAVADALTGQMMSQISNM,IHEAVAVADALTGQMMSSISNM
IHEAVASADALTGQMMSSISNM,IHEAVAVADALTGQMMSSISNM
IHEAVAVADALTGQMMSAISNM,IHEAVAVADALTGQMMSSISNM
IHEAVAVADALTGQMMSLISNM,IHEAVAVADALTGQMMSSISNM
IHEAVAVADALTGQMMSPISNM,IHEAVAVADALTGQMMSSISNM
IHEAVAWADALTGQMMSSISNM,IHEAVAVADALTGQMMSSISNM
IHEAVAVADALTGQMMSIISNM,IHEAVAVADALTGQMMSSISNM
HRGVALVTKAVILELKVTINVM,VRGVALVTKAVILELKVTINVM
VRGVAGVTKAVILELKVTINVM,VRGVALVTKAVILELKVTINVM
VRGVALVTKHVILELKVTINVM,VRGVALVTKAVILELKVTINVM
VRGVALVTKQVILELKVTINVM,VRGVALVTKAVILELKVTINVM
VRGVALVTKAVRLELKVTINVM,VRGVALVTKAVILELKVTINVM
VRGVALVTKAVILEAKVTINVM,VRGVALVTKAVILELKVTINVM
VRGVALVTKAVILELKVTINVL,VRGVALVTKAVILELKVTINVM
VRGVALVTKAVILELKRTINVM,VRGVALVTKAVILELKVTINVM
VRGVALVTKAVHLELKVTINVM,VRGVALVTKAVILELKVTINVM
VRGVALVTKAKILELKVTINVM,VRGVALVTKAVILELKVTINVM
ILQICDVTKEMIELLATNINSL,IKQICDVTKEMIELLATNINSL
IKAICDVTKEMIELLATNINSL,IKQICDVTKEMIELLATNINSL
IKQQCDVTKEMIELLATNINSL,IKQICDVTKEMIELLATNINSL
IKQICDVTKEMIEQLATNINSL,IKQICDVTKEMIELLATNINSL
IKQICDVTKEMIELLLTNINSL,IKQICDVTKEMIELLATNINSL
IKQICDVTKEMIELLTTNINSL,IKQICDVTKEMIELLATNINSL
IKQICDVTKEMIELLATNYNSL,IKQICDVTKEMIELLATNINSL
IKQICDVTKEMIELLATNINSI,IKQICDVTKEMIELLATNINSL
IKQICDVTKEMIELLATNINKL,IKQICDVTKEMIELLATNINSL
IKQICDVTKEMIELLATNGNSL,IKQICDVTKEMIELLATNINSL
LASIKGLFDRLFGQIGKGLNRV,LASIKGLSDRLFGQIGKGLNRV
LASIKGLSDRLWGQIGKGLNRV,LASIKGLSDRLFGQIGKGLNRV
LASIKGLSDRLFGQNGKGLNRV,LASIKGLSDRLFGQIGKGLNRV
LASIKVLSDRLFGQIGKGLNRV,LASIKGLSDRLFGQIGKGLNRV
LASIKGLNDRLFGQIGKGLNRV,LASIKGLSDRLFGQIGKGLNRV
LASIKGLSDILFGQIGKGLNRV,LASIKGLSDRLFGQIGKGLNRV
LASIKGLSDKLFGQIGKGLNRV,LASIKGLSDRLFGQIGKGLNRV
LASIKGLSDRLFAQIGKGLNRV,LASIKGLSDRLFGQIGKGLNRV
LASIKGLSDRLFLQIGKGLNRV,LASIKGLSDRLFGQIGKGLNRV
LASIKGLSDRLFTQIGKGLNRV,LASIKGLSDRLFGQIGKGLNRV
VREVIRVMEKVFGQLQASVNST,VREVIRVMEKVFGQLQAWVNST
VREVIRVMEKVFGQLQAVVNST,VREVIRVMEKVFGQLQAWVNST
VREVIRVMEKVFGQLCAWVNST,VREVIRVMEKVFGQLQAWVNST
VREVIRVMEKVFGQLQAEVNST,VREVIRVMEKVFGQLQAWVNST
VREVITVMEKVFGQLQAWVNST,VREVIRVMEKVFGQLQAWVNST
VREVIRVMEHVFGQLQAWVNST,VREVIRVMEKVFGQLQAWVNST
VREVIRVSEKVFGQLQAWVNST,VREVIRVMEKVFGQLQAWVNST
VREVIRVMEKVFGQLQANVNST,VREVIRVMEKVFGQLQAWVNST
VREVIRVMEKVFGQLQATVNST,VREVIRVMEKVFGQLQAWVNST
VREVIRVMEKVFGQLQAGVNST,VREVIRVMEKVFGQLQAWVNST
IREIIQVMEGLLARLCLSINQA,IREIIQVMEGLLARLKLSINQA
IREIIQVMEGLLARLKLEINQA,IREIIQVMEGLLARLKLSINQA
IREIIQVMEGLLARLKLTINQA,IREIIQVMEGLLARLKLSINQA
IREIITVMEGLLARLKLSINQA,IREIIQVMEGLLARLKLSINQA
IREIIQVMEILLARLKLSINQA,IREIIQVMEGLLARLKLSINQA
IREIIQVMEGLLARLKLWINQA,IREIIQVMEGLLARLKLSINQA
IREIIQVSEGLLARLKLSINQA,IREIIQVMEGLLARLKLSINQA
IREIIQVMEGLLARLKLNINQA,IREIIQVMEGLLARLKLSINQA
IREIIQVMEGLLARLKLVINQA,IREIIQVMEGLLARLKLSINQA
IREIIQVMEGLLARLFLSINQA,IREIIQVMEGLLARLKLSINQA
VLHLKDVSDEIFEELSYDFNRM,VLHLKDVSDEIFEELSYAFNRM
VLHLKDVSDEIFEELSYEFNRM,VLHLKDVSDEIFEELSYAFNRM
VLHLKDVSDEIFEELSYNFNRM,VLHLKDVSDEIFEELSYAFNRM
VLHLKDVSDEIFEELSYRFNRM,VLHLKDVSDEIFEELSYAFNRM
VLHLKDSSDEIFEELSYAFNRM,VLHLKDVSDEIFEELSYAFNRM
VLHLKDVSDEIFEELSYCFNRM,VLHLKDVSDEIFEELSYAFNRM
VLHLKDVSDEIFEELSYMFNRM,VLHLKDVSDEIFEELSYAFNRM
VLHLKDVSDEIFEELSYQFNRM,VLHLKDVSDEIFEELSYAFNRM
VLHLKDWSDEIFEELSYAFNRM,VLHLKDVSDEIFEELSYAFNRM
VLHLKDVSDEIFEELSYKFNRM,VLHLKDVSDEIFEELSYAFNRM
LANLERAIRKVLGTVSEMFNNM,LANLERAIRKVLGTVSESFNNM
LANLERAIRKVLGTVSEDFNNM,LANLERAIRKVLGTVSESFNNM
LANLERAIRKVLGTVSECFNNM,LANLERAIRKVLGTVSESFNNM
LANLERAIRKVLGTVSEQFNNM,LANLERAIRKVLGTVSESFNNM
LANLERTIRKVLGTVSESFNNM,LANLERAIRKVLGTVSESFNNM
LANLERAIRKVLGTVSEAFNNM,LANLERAIRKVLGTVSESFNNM
LANLERAIRKVLGTVSELFNNM,LANLERAIRKVLGTVSESFNNM
LANLERAIRKVLGTVSEPFNNM,LANLERAIRKVLGTVSESFNNM
LANLERWIRKVLGTVSESFNNM,LANLERAIRKVLGTVSESFNNM
LANLERAIRKVLGTVSEIFNNM,LANLERAIRKVLGTVSESFNNM
VRAIAYATTAVMLDLVNCINNM,VRAIAYATTAVMLDLVNTINNM
VRAIAYATTAVMLDLVNDINNM,VRAIAYATTAVMLDLVNTINNM
VRAIAYATTAVMLDLVNMINNM,VRAIAYATTAVMLDLVNTINNM
VRAIAYATTAVMLDLVNQINNM,VRAIAYATTAVMLDLVNTINNM
VRAIAYTTTAVMLDLVNTINNM,VRAIAYATTAVMLDLVNTINNM
VRAIAYATTAVMLDLVNAINNM,VRAIAYATTAVMLDLVNTINNM
VRAIAYATTAVMLDLVNLINNM,VRAIAYATTAVMLDLVNTINNM
VRAIAYATTAVMLDLVNPINNM,VRAIAYATTAVMLDLVNTINNM
VRAIAYWTTAVMLDLVNTINNM,VRAIAYATTAVMLDLVNTINNM
VRAIAYATTAVMLDLVNIINNM,VRAIAYATTAVMLDLVNTINNM
LERYRQALARRLQPLVDALNQL,LERLRQALARRLQPLVDALNQL
LERLRKALARRLQPLVDALNQL,LERLRQALARRLQPLVDALNQL
LERLRLALARRLQPLVDALNQL,LERLRQALARRLQPLVDALNQL
LERLRQALARRAQPLVDALNQL,LERLRQALARRLQPLVDALNQL
LERLRQALARRGQPLVDALNQL,LERLRQALARRLQPLVDALNQL
LERLRQALARRIQPLVDALNQL,LERLRQALARRLQPLVDALNQL
LERLRQAIARRLQPLVDALNQL,LERLRQALARRLQPLVDALNQL
LERLRQALARRLQPDVDALNQL,LERLRQALARRLQPLVDALNQL
LERLRQALARRLQPLVDALNQD,LERLRQALARRLQPLVDALNQL
LERLRQALARRLQPLVDALNQQ,LERLRQALARRLQPLVDALNQL
LERLEAGAVRVLGRLVRDFNQM,LERLEAGAVRVLGRLVRAFNQM
LERLEAGAVRVLGRLVREFNQM,LERLEAGAVRVLGRLVRAFNQM
LERLEAGAVRVLGRLVRNFNQM,LERLEAGAVRVLGRLVRAFNQM
LERLEAGAVRVLGRLVRRFNQM,LERLEAGAVRVLGRLVRAFNQM
LERLEATAVRVLGRLVRAFNQM,LERLEAGAVRVLGRLVRAFNQM
LERLEAGAVRVLGRLVRCFNQM,LERLEAGAVRVLGRLVRAFNQM
LERLEAGAVRVLGRLVRMFNQM,LERLEAGAVRVLGRLVRAFNQM
LERLEAGAVRVLGRLVRQFNQM,LERLEAGAVRVLGRLVRAFNQM
LERLEAWAVRVLGRLVRAFNQM,LERLEAGAVRVLGRLVRAFNQM
LERLEAGAVRVLGRLVRKFNQM,LERLEAGAVRVLGRLVRAFNQM
FSRVVAAMENLVSHISRAAEST,FSRVVAAMENLVSHISRAIEST
FSRVVAAMENLVSHISRASEST,FSRVVAAMENLVSHISRAIEST
FSRVVAAMENLVSHISRAVEST,FSRVVAAMENLVSHISRAIEST
FSRTVAAMENLVSHISRAIEST,FSRVVAAMENLVSHISRAIEST
FSRVVAAMENLVSHISRAIEVT,FSRVVAAMENLVSHISRAIEST
FSRVVAAMENLVSHISRATEST,FSRVVAAMENLVSHISRAIEST
FSRVVAAMENLVSHISRAHEST,FSRVVAAMENLVSHISRAIEST
FSRVVAAMENLVSHISRAIEFT,FSRVVAAMENLVSHISRAIEST
FSRVVAAMENLVSHISRAIESW,FSRVVAAMENLVSHISRAIEST
FSRVVAAMENLVSHISRAISST,FSRVVAAMENLVSHISRAIEST
ARALLAATERLLSQLAGCFDRM,ARALLAATERLLSQLAGSFDRM
ARALLAATERLLSQLAGDFDRM,ARALLAATERLLSQLAGSFDRM
ARALLAATERLLSQLAGMFDRM,ARALLAATERLLSQLAGSFDRM
ARALLAATERLLSQLAGQFDRM,ARALLAATERLLSQLAGSFDRM
ARALLATTERLLSQLAGSFDRM,ARALLAATERLLSQLAGSFDRM
ARALLAATERLLSQLAGAFDRM,ARALLAATERLLSQLAGSFDRM
ARALLAATERLLSQLAGLFDRM,ARALLAATERLLSQLAGSFDRM
ARALLAATERLLSQLAGPFDRM,ARALLAATERLLSQLAGSFDRM
ARALLAWTERLLSQLAGSFDRM,ARALLAATERLLSQLAGSFDRM
ARALLAATERLLSQLAGIFDRM,ARALLAATERLLSQLAGSFDRM
VSKLEQNAEMLIGRLSQCLVGA,VSKLEQNAEMLIGRLSQRLVGA
VSKLEQNAEMLIGRLSQDLVGA,VSKLEQNAEMLIGRLSQRLVGA
VSKLEQNAEMLIGRLSQMLVGA,VSKLEQNAEMLIGRLSQRLVGA
VSKLEQNAEMLIGRLSQQLVGA,VSKLEQNAEMLIGRLSQRLVGA
VSKLEQTAEMLIGRLSQRLVGA,VSKLEQNAEMLIGRLSQRLVGA
VSKLEQNAEMLIGRLSQALVGA,VSKLEQNAEMLIGRLSQRLVGA
VSKLEQNAEMLIGRLSQLLVGA,VSKLEQNAEMLIGRLSQRLVGA
VSKLEQNAEMLIGRLSQPLVGA,VSKLEQNAEMLIGRLSQRLVGA
VSKLEQWAEMLIGRLSQRLVGA,VSKLEQNAEMLIGRLSQRLVGA
VSKLEQNAEMLIGRLSQILVGA,VSKLEQNAEMLIGRLSQRLVGA
LAWLREAMGQVIVELAECCDRM,LAWLREAMGQVIVELAEDCDRM
LAWLREAMGQVIVELAEECDRM,LAWLREAMGQVIVELAEDCDRM
LAWLREAMGQVIVELAENCDRM,LAWLREAMGQVIVELAEDCDRM
LAWLREAMGQVIVELAERCDRM,LAWLREAMGQVIVELAEDCDRM
LAWLRETMGQVIVELAEDCDRM,LAWLREAMGQVIVELAEDCDRM
LAWLREAMGQVIVELAEACDRM,LAWLREAMGQVIVELAEDCDRM
LAWLREAMGQVIVELAEMCDRM,LAWLREAMGQVIVELAEDCDRM
LAWLREAMGQVIVELAEQCDRM,LAWLREAMGQVIVELAEDCDRM
LAWLREWMGQVIVELAEDCDRM,LAWLREAMGQVIVELAEDCDRM
LAWLREAMGQVIVELAEKCDRM,LAWLREAMGQVIVELAEDCDRM
VKKLAVAAQKLILPTIAHFNQM,VKKLAVAAQKLILPTIAAFNQM
VKKLAVAAQKLILPTIAWFNQM,VKKLAVAAQKLILPTIAAFNQM
VKKLAVAAQKLILPTIATFNQM,VKKLAVAAQKLILPTIAAFNQM
VKKLAVAAQKLILPTIAKFNQM,VKKLAVAAQKLILPTIAAFNQM
VKKLAVWAQKLILPTIAAFNQM,VKKLAVAAQKLILPTIAAFNQM
VKKLAVAAQKLILPTCAAFNQM,VKKLAVAAQKLILPTIAAFNQM
VKKLAVAAQKLILPTIAFFNQM,VKKLAVAAQKLILPTIAAFNQM
VKKLASAAQKLILPTIAAFNQM,VKKLAVAAQKLILPTIAAFNQM
VKKLAVAAQHLILPTIAAFNQM,VKKLAVAAQKLILPTIAAFNQM
VKKLAVAAQKLILPTIAPFNQM,VKKLAVAAQKLILPTIAAFNQM
TALLCEYANAILGTLADRMGRM,TALLCEYANAILGTLADAMGRM
TALLCEYANAILGTLADNMGRM,TALLCEYANAILGTLADAMGRM
TALLCESANAILGTLADAMGRM,TALLCEYANAILGTLADAMGRM
TALLCEYANAILGTLADEMGRM,TALLCEYANAILGTLADAMGRM
TALLCEYANAILGTLADDMGRM,TALLCEYANAILGTLADAMGRM
TALLCEYANAILGTLADCMGRM,TALLCEYANAILGTLADAMGRM
TALLCEYANAILGTLADMMGRM,TALLCEYANAILGTLADAMGRM
TALLCEYANAILGTLADQMGRM,TALLCEYANAILGTLADAMGRM
TALLCEVANAILGTLADAMGRM,TALLCEYANAILGTLADAMGRM
TALLCEYANAILGTLADKMGRM,TALLCEYANAILGTLADAMGRM
LDDAVKFASLVIGQLSNDLRQM,LDDAVKFASLVIGQLSNALRQM
LDDAVKFASLVIGQLSNELRQM,LDDAVKFASLVIGQLSNALRQM
LDDAVKFASLVIGQLSNNLRQM,LDDAVKFASLVIGQLSNALRQM
LDDAVKFASLVIGQLSNRLRQM,LDDAVKFASLVIGQLSNALRQM
LDDAVKTASLVIGQLSNALRQM,LDDAVKFASLVIGQLSNALRQM
LDDAVKFASLVIGQLSNCLRQM,LDDAVKFASLVIGQLSNALRQM
LDDAVKFASLVIGQLSNMLRQM,LDDAVKFASLVIGQLSNALRQM
LDDAVKFASLVIGQLSNQLRQM,LDDAVKFASLVIGQLSNALRQM
LDDAVKWASLVIGQLSNALRQM,LDDAVKFASLVIGQLSNALRQM
LDDAVKFASLVIGQLSNKLRQM,LDDAVKFASLVIGQLSNALRQM
IKELTNAIQEIFSEVSKCFNRM,IKELTNAIQEIFSEVSKNFNRM
IKELTNAIQEIFSEVSKDFNRM,IKELTNAIQEIFSEVSKNFNRM
IKELTNAIQEIFSEVSKMFNRM,IKELTNAIQEIFSEVSKNFNRM
IKELTNAIQEIFSEVSKRFNRM,IKELTNAIQEIFSEVSKNFNRM
IKELTNTIQEIFSEVSKNFNRM,IKELTNAIQEIFSEVSKNFNRM
IKELTNAIQEIFSEVSKAFNRM,IKELTNAIQEIFSEVSKNFNRM
IKELTNAIQEIFSEVSKLFNRM,IKELTNAIQEIFSEVSKNFNRM
IKELTNAIQEIFSEVSKQFNRM,IKELTNAIQEIFSEVSKNFNRM
IKELTNWIQEIFSEVSKNFNRM,IKELTNAIQEIFSEVSKNFNRM
IKELTNAIQEIFSEVSKIFNRM,IKELTNAIQEIFSEVSKNFNRM
FNRISTVLSAVVGQLMKQVNAM,FNRISDVLSAVVGQLMKQVNAM
FNRISDVLSIVVGQLMKQVNAM,FNRISDVLSAVVGQLMKQVNAM
FNRISDVLSAVVGQLCKQVNAM,FNRISDVLSAVVGQLMKQVNAM
FNRISDVLSAVVGQLMKEVNAM,FNRISDVLSAVVGQLMKQVNAM
FNRISDVSSAVVGQLMKQVNAM,FNRISDVLSAVVGQLMKQVNAM
FNRISDVLSAVVGQLMKNVNAM,FNRISDVLSAVVGQLMKQVNAM
FNRISDVLSAVVGQLMKVVNAM,FNRISDVLSAVVGQLMKQVNAM
FNRISDVLSAVVGQLFKQVNAM,FNRISDVLSAVVGQLMKQVNAM
FNRISDVLSAVVGQLMKTVNAM,FNRISDVLSAVVGQLMKQVNAM
FNRISDVLSAVVGQRMKQVNAM,FNRISDVLSAVVGQLMKQVNAM
VDRLVQTAQHLLGILSEDFRHM,VDRLVQTAQHLLGILSEAFRHM
VDRLVQTAQHLLGILSEEFRHM,VDRLVQTAQHLLGILSEAFRHM
VDRLVQTAQHLLGILSENFRHM,VDRLVQTAQHLLGILSEAFRHM
VDRLVQTAQHLLGILSERFRHM,VDRLVQTAQHLLGILSEAFRHM
VDRLVQSAQHLLGILSEAFRHM,VDRLVQTAQHLLGILSEAFRHM
VDRLVQTAQHLLGILSECFRHM,VDRLVQTAQHLLGILSEAFRHM
VDRLVQTAQHLLGILSEMFRHM,VDRLVQTAQHLLGILSEAFRHM
VDRLVQTAQHLLGILSEQFRHM,VDRLVQTAQHLLGILSEAFRHM
VDRLVQWAQHLLGILSEAFRHM,VDRLVQTAQHLLGILSEAFRHM
VDRLVQTAQHLLGILSEKFRHM,VDRLVQTAQHLLGILSEAFRHM
VDRLVQGANHFLNRVAQCFNHM,VDRLVQGANHFLNRVAQEFNHM
VDRLVQGANHFLNRVAQDFNHM,VDRLVQGANHFLNRVAQEFNHM
VDRLVQGANHFLNRVAQNFNHM,VDRLVQGANHFLNRVAQEFNHM
VDRLVQGANHFLNRVAQRFNHM,VDRLVQGANHFLNRVAQEFNHM
VDRLVQTANHFLNRVAQEFNHM,VDRLVQGANHFLNRVAQEFNHM
VDRLVQGANHFLNRVAQAFNHM,VDRLVQGANHFLNRVAQEFNHM
VDRLVQGANHFLNRVAQMFNHM,VDRLVQGANHFLNRVAQEFNHM
VDRLVQGANHFLNRVAQQFNHM,VDRLVQGANHFLNRVAQEFNHM
VDRLVQWANHFLNRVAQEFNHM,VDRLVQGANHFLNRVAQEFNHM
VDRLVQGANHFLNRVAQKFNHM,VDRLVQGANHFLNRVAQEFNHM
IEHITDVVNKIFAQLAEVANDL,IEHITDVVNKIFAQLAEVLNDL
IEHITDVVNKIFAQLAEVSNDL,IEHITDVVNKIFAQLAEVLNDL
IEHITDVVNKIFAQLAEVVNDL,IEHITDVVNKIFAQLAEVLNDL
IEHVTDVVNKIFAQLAEVLNDL,IEHITDVVNKIFAQLAEVLNDL
IEHITDVVNKIFAQLAEVLNVL,IEHITDVVNKIFAQLAEVLNDL
IEHITDVVNKIFAQLAEVTNDL,IEHITDVVNKIFAQLAEVLNDL
IEHITDVVNKIFAQLAEVHNDL,IEHITDVVNKIFAQLAEVLNDL
IEHITDVVNKIFAQLAEVLNGL,IEHITDVVNKIFAQLAEVLNDL
IEHITDVVNKIFAQLAEVLNDW,IEHITDVVNKIFAQLAEVLNDL
IEHITDVVNKIFAQLAEVLSDL,IEHITDVVNKIFAQLAEVLNDL
IQPISRTATRILGQLSKVLNNT,IQTISRTATRILGQLSKVLNNT
IQTIGRTATRILGQLSKVLNNT,IQTISRTATRILGQLSKVLNNT
IQTISRTAYRILGQLSKVLNNT,IQTISRTATRILGQLSKVLNNT
IQTISRTATRHLGQLSKVLNNT,IQTISRTATRILGQLSKVLNNT
IQTISRTATRIVGQLSKVLNNT,IQTISRTATRILGQLSKVLNNT
IQTISRTATRILGSLSKVLNNT,IQTISRTATRILGQLSKVLNNT
IQTISRTATRILGQLSKVLNTT,IQTISRTATRILGQLSKVLNNT
IQTISRTATRILGQLSKVLNPT,IQTISRTATRILGQLSKVLNNT
IQTISRTATRILGQLSKVLNMT,IQTISRTATRILGQLSKVLNNT
IQTISRTATRILGQLSKVLNGT,IQTISRTATRILGQLSKVLNNT
IAGLAQQIKTLVAELVDAFNDY,IAGLAQQVKTLVAELVDAFNDY
IAGLAQQVKTLVAEDVDAFNDY,IAGLAQQVKTLVAELVDAFNDY
IAGLAQQVKTLVAELVDAFNDD,IAGLAQQVKTLVAELVDAFNDY
IAGLAQQVKTLVAELVDAFNDG,IAGLAQQVKTLVAELVDAFNDY
IAGLAQQVKTLVAELVDAFNDE,IAGLAQQVKTLVAELVDAFNDY
IAGLAQQVKTLVAELVDAFNRY,IAGLAQQVKTLVAELVDAFNDY
IAGLAQQVKTLVAELVDAFKDY,IAGLAQQVKTLVAELVDAFNDY
IAGLAQQVKTLVALLVDAFNDY,IAGLAQQVKTLVAELVDAFNDY
IAGLAQQVKTLGAELVDAFNDY,IAGLAQQVKTLVAELVDAFNDY
IAGLAQQVKTLIAELVDAFNDY,IAGLAQQVKTLVAELVDAFNDY
VQRLSRAAAAIIADLGRDFGRM,VQRLSRAAAAIIADLGRAFGRM
VQRLSRAAAAIIADLGREFGRM,VQRLSRAAAAIIADLGRAFGRM
VQRLSRAAAAIIADLGRNFGRM,VQRLSRAAAAIIADLGRAFGRM
VQRLSRAAAAIIADLGRRFGRM,VQRLSRAAAAIIADLGRAFGRM
VQRLSRTAAAIIADLGRAFGRM,VQRLSRAAAAIIADLGRAFGRM
VQRLSRAAAAIIADLGRCFGRM,VQRLSRAAAAIIADLGRAFGRM
VQRLSRAAAAIIADLGRMFGRM,VQRLSRAAAAIIADLGRAFGRM
VQRLSRAAAAIIADLGRQFGRM,VQRLSRAAAAIIADLGRAFGRM
VQRLSRWAAAIIADLGRAFGRM,VQRLSRAAAAIIADLGRAFGRM
VQRLSRAAAAIIADLGRKFGRM,VQRLSRAAAAIIADLGRAFGRM
INRIRSATHKVFDDLAACFNSM,INRIRSATHKVFDDLAADFNSM
INRIRSATHKVFDDLAAEFNSM,INRIRSATHKVFDDLAADFNSM
INRIRSATHKVFDDLAANFNSM,INRIRSATHKVFDDLAADFNSM
INRIRSATHKVFDDLAARFNSM,INRIRSATHKVFDDLAADFNSM
INRIRSTTHKVFDDLAADFNSM,INRIRSATHKVFDDLAADFNSM
INRIRSATHKVFDDLAAAFNSM,INRIRSATHKVFDDLAADFNSM
INRIRSATHKVFDDLAAMFNSM,INRIRSATHKVFDDLAADFNSM
INRIRSATHKVFDDLAAQFNSM,INRIRSATHKVFDDLAADFNSM
INRIRSWTHKVFDDLAADFNSM,INRIRSATHKVFDDLAADFNSM
INRIRSATHKVFDDLAAKFNSM,INRIRSATHKVFDDLAADFNSM
LTAMTAAMDKLIAAMAQAAAVF,LTAMTAAMDKLIAAMAQALAVF
LTAMTAAMDKLIAAMAQASAVF,LTAMTAAMDKLIAAMAQALAVF
LTAMTAAMDKLIAAMAQAVAVF,LTAMTAAMDKLIAAMAQALAVF
LTAVTAAMDKLIAAMAQALAVF,LTAMTAAMDKLIAAMAQALAVF
LTAMTAAMDKLIAAMAQALATF,LTAMTAAMDKLIAAMAQALAVF
LTAMTAAMDKLIAAMAQATAVF,LTAMTAAMDKLIAAMAQALAVF
LTAMTAAMDKLIAAMAQAHAVF,LTAMTAAMDKLIAAMAQALAVF
LTAMTAAMDKLIAAMAQALAFF,LTAMTAAMDKLIAAMAQALAVF
LTAMTAAMDKLIAAMAQALAVW,LTAMTAAMDKLIAAMAQALAVF
LTAMTAAMDKLIAAMAQALSVF,LTAMTAAMDKLIAAMAQALAVF
IEKLNEAVKRILRELSECFNSM,IEKLNEAVKRILRELSENFNSM
IEKLNEAVKRILRELSEDFNSM,IEKLNEAVKRILRELSENFNSM
IEKLNEAVKRILRELSEMFNSM,IEKLNEAVKRILRELSENFNSM
IEKLNEAVKRILRELSERFNSM,IEKLNEAVKRILRELSENFNSM
IEKLNETVKRILRELSENFNSM,IEKLNEAVKRILRELSENFNSM
IEKLNEAVKRILRELSEAFNSM,IEKLNEAVKRILRELSENFNSM
IEKLNEAVKRILRELSELFNSM,IEKLNEAVKRILRELSENFNSM
IEKLNEAVKRILRELSEQFNSM,IEKLNEAVKRILRELSENFNSM
IEKLNEWVKRILRELSENFNSM,IEKLNEAVKRILRELSENFNSM
IEKLNEAVKRILRELSEIFNSM,IEKLNEAVKRILRELSENFNSM
IPKITHIIHKTIGTISRAISEM,IEKITHIIHKTIGTISRAISEM
IEKITHEIHKTIGTISRAISEM,IEKITHIIHKTIGTISRAISEM
IEKITHIISKTIGTISRAISEM,IEKITHIIHKTIGTISRAISEM
IEKITHIIHKTIGTIARAISEM,IEKITHIIHKTIGTISRAISEM
IEKITHIIHKTIGTISRAMSEM,IEKITHIIHKTIGTISRAISEM
IENITHIIHKTIGTISRAISEM,IEKITHIIHKTIGTISRAISEM
IEKITHIIHKTIGTIIRAISEM,IEKITHIIHKTIGTISRAISEM
IEKITHIIHKTIGTISFAISEM,IEKITHIIHKTIGTISRAISEM
IEKITHIIHKTIGTISRAIMEM,IEKITHIIHKTIGTISRAISEM
IEKITHIIHKTTGTISRAISEM,IEKITHIIHKTIGTISRAISEM
KREITTQTAAIIGRVRSGFRDI,LREITTQTAAIIGRVRSGFRDI
LYEITTQTAAIIGRVRSGFRDI,LREITTQTAAIIGRVRSGFRDI
LREIFTQTAAIIGRVRSGFRDI,LREITTQTAAIIGRVRSGFRDI
LREIITQTAAIIGRVRSGFRDI,LREITTQTAAIIGRVRSGFRDI
LREITTQMAAIIGRVRSGFRDI,LREITTQTAAIIGRVRSGFRDI
LREITTQTAALIGRVRSGFRDI,LREITTQTAAIIGRVRSGFRDI
LREITTQTAAIHGRVRSGFRDI,LREITTQTAAIIGRVRSGFRDI
LREITTQTAAIIGRVRRGFRDI,LREITTQTAAIIGRVRSGFRDI
LREITTQTAAIIGRVRSGFRDM,LREITTQTAAIIGRVRSGFRDI
LREITTQTAAIIGRVRIGFRDI,LREITTQTAAIIGRVRSGFRDI
VRALRRATRSILADLSRQFNET,VRALRRATRSILADLSRTFNET
VRALRRTTRSILADLSRTFNET,VRALRRATRSILADLSRTFNET
VRALRRATRSILADLSRAFNET,VRALRRATRSILADLSRTFNET
VRALRRATRSILADLSRLFNET,VRALRRATRSILADLSRTFNET
VRALRRATRSILADLSRPFNET,VRALRRATRSILADLSRTFNET
VRALRRATRSILADLSRMFNET,VRALRRATRSILADLSRTFNET
VRALRRWTRSILADLSRTFNET,VRALRRATRSILADLSRTFNET
VRALRRATRSILADLSRDFNET,VRALRRATRSILADLSRTFNET
VRALRRATRSILADLSRCFNET,VRALRRATRSILADLSRTFNET
VRALRRATRSILADLSRIFNET,VRALRRATRSILADLSRTFNET
VREIARMTKCVILDLKLTVNNM,VREIARVTKCVILDLKLTVNNM
VREIARVTKCVICDLKLTVNNM,VREIARVTKCVILDLKLTVNNM
VREIARVTKCVILDLNLTVNNM,VREIARVTKCVILDLKLTVNNM
VREIARVTKCVILDLKLYVNNM,VREIARVTKCVILDLKLTVNNM
VREIARVTKCVILDLKLRVNNM,VREIARVTKCVILDLKLTVNNM
VREIARVTKNVILDLKLTVNNM,VREIARVTKCVILDLKLTVNNM
VREIARVTKCVILDKKLTVNNM,VREIARVTKCVILDLKLTVNNM
VREIARVTKCVILDLKMTVNNM,VREIARVTKCVILDLKLTVNNM
VREIARVTKCVILDLKLFVNNM,VREIARVTKCVILDLKLTVNNM
VREIARVTKWVILDLKLTVNNM,VREIARVTKCVILDLKLTVNNM
VRQLIEATRKVLGVLSNCFNMM,VRQLIEATRKVLGVLSNHFNMM
VRQLIEATRKVLGVLSNDFNMM,VRQLIEATRKVLGVLSNHFNMM
VRQLIEATRKVLGVLSNNFNMM,VRQLIEATRKVLGVLSNHFNMM
VRQLIEATRKVLGVLSNRFNMM,VRQLIEATRKVLGVLSNHFNMM
VRQLIETTRKVLGVLSNHFNMM,VRQLIEATRKVLGVLSNHFNMM
VRQLIEATRKVLGVLSNAFNMM,VRQLIEATRKVLGVLSNHFNMM
VRQLIEATRKVLGVLSNMFNMM,VRQLIEATRKVLGVLSNHFNMM
VRQLIEATRKVLGVLSNQFNMM,VRQLIEATRKVLGVLSNHFNMM
VRQLIEWTRKVLGVLSNHFNMM,VRQLIEATRKVLGVLSNHFNMM
VRQLIEATRKVLGVLSNKFNMM,VRQLIEATRKVLGVLSNHFNMM
LIRVIAGLKDVIGTLSFEANVL,LIRVIAGLKDVIGTLSFEFNVL
LIRVIAGLKDVIGTLSFESNVL,LIRVIAGLKDVIGTLSFEFNVL
LIRVIAGLKDVIGTLSFEVNVL,LIRVIAGLKDVIGTLSFEFNVL
LIRTIAGLKDVIGTLSFEFNVL,LIRVIAGLKDVIGTLSFEFNVL
LIRVIAGLKDVIGTLSFEFNTL,LIRVIAGLKDVIGTLSFEFNVL
LIRVIAGLKDVIGTLSFETNVL,LIRVIAGLKDVIGTLSFEFNVL
LIRVIAGLKDVIGTLSFEINVL,LIRVIAGLKDVIGTLSFEFNVL
LIRVIAGLKDVIGTLSFEFNFL,LIRVIAGLKDVIGTLSFEFNVL
LIRVIAGLKDVIGTLSFEFNVW,LIRVIAGLKDVIGTLSFEFNVL
LIRVIAGLKDVIGTLSFEFSVL,LIRVIAGLKDVIGTLSFEFNVL
LGAMRSYVQNVIGQLSQCILQM,LGAMRSYVQNVIGQLSQGILQM
LGAMRSYVQNVIGQLSQDILQM,LGAMRSYVQNVIGQLSQGILQM
LGAMRSYVQNVIGQLSQNILQM,LGAMRSYVQNVIGQLSQGILQM
LGAMRSYVQNVIGQLSQRILQM,LGAMRSYVQNVIGQLSQGILQM
LGAMRSSVQNVIGQLSQGILQM,LGAMRSYVQNVIGQLSQGILQM
LGAMRSYVQNVIGQLSQAILQM,LGAMRSYVQNVIGQLSQGILQM
LGAMRSYVQNVIGQLSQMILQM,LGAMRSYVQNVIGQLSQGILQM
LGAMRSYVQNVIGQLSQQILQM,LGAMRSYVQNVIGQLSQGILQM
LGAMRSVVQNVIGQLSQGILQM,LGAMRSYVQNVIGQLSQGILQM
LGAMRSYVQNVIGQLSQKILQM,LGAMRSYVQNVIGQLSQGILQM
LAAIQTGLTSFFGQISNDINEN,LAAIQTGLTSFFGQISNAINEN
LAAIQTGLTSFFGQISNEINEN,LAAIQTGLTSFFGQISNAINEN
LAAIQTGLTSFFGQISNNINEN,LAAIQTGLTSFFGQISNAINEN
LAAIQTGLTSFFGQISNRINEN,LAAIQTGLTSFFGQISNAINEN
LAAIQTTLTSFFGQISNAINEN,LAAIQTGLTSFFGQISNAINEN
LAAIQTGLTSFFGQISNCINEN,LAAIQTGLTSFFGQISNAINEN
LAAIQTGLTSFFGQISNMINEN,LAAIQTGLTSFFGQISNAINEN
LAAIQTGLTSFFGQISNQINEN,LAAIQTGLTSFFGQISNAINEN
LAAIQTWLTSFFGQISNAINEN,LAAIQTGLTSFFGQISNAINEN
LAAIQTGLTSFFGQISNKINEN,LAAIQTGLTSFFGQISNAINEN
LAHIIAHLKLIVEQLNTSAILM,LAHIIAHLKLIVEQLNTSVILM
LAHIIAHLKLIVEQLNTSRILM,LAHIIAHLKLIVEQLNTSVILM
LAHIIAHLKLIVEQLNTSTILM,LAHIIAHLKLIVEQLNTSVILM
LAHVIAHLKLIVEQLNTSVILM,LAHIIAHLKLIVEQLNTSVILM
LAHIIAHLKLIVEQLNTSVIVM,LAHIIAHLKLIVEQLNTSVILM
LAHIIAHLKLIVEQLNTSSILM,LAHIIAHLKLIVEQLNTSVILM
LAHIIAHLKLIVEQLNTSHILM,LAHIIAHLKLIVEQLNTSVILM
LAHIIAHLKLIVEQLNTSVIFM,LAHIIAHLKLIVEQLNTSVILM
LAHIIAHLKLIVEQLNTSVILW,LAHIIAHLKLIVEQLNTSVILM
LAHIIAHLKLIVEQLNTSVSLM,LAHIIAHLKLIVEQLNTSVILM
VEQSVLTAKTILNELKNGLNHM,VEQSVLTAKTILNELKNVLNHM
VEQSVLTAKTILNELKNILNHM,VEQSVLTAKTILNELKNVLNHM
VEQSVLWAKTILNELKNVLNHM,VEQSVLTAKTILNELKNVLNHM
VEQSVLTAKTILNELKNWLNHM,VEQSVLTAKTILNELKNVLNHM
VEQSVLTAKTILNELKNSLNHM,VEQSVLTAKTILNELKNVLNHM
VEQSVLTAKTILNELCNVLNHM,VEQSVLTAKTILNELKNVLNHM
VEQSVLTAKTILNELKNELNHM,VEQSVLTAKTILNELKNVLNHM
VEQSVTTAKTILNELKNVLNHM,VEQSVLTAKTILNELKNVLNHM
VEQSVLTAKHILNELKNVLNHM,VEQSVLTAKTILNELKNVLNHM
VEQSVLTAKTILNELKNTLNHM,VEQSVLTAKTILNELKNVLNHM
IASITESMQSILDGLKNSANQT,IASITESMQSILDGLKNSVNQT
IASITESMQSILDGLKNSRNQT,IASITESMQSILDGLKNSVNQT
IASITESMQSILDGLKNSTNQT,IASITESMQSILDGLKNSVNQT
IASVTESMQSILDGLKNSVNQT,IASITESMQSILDGLKNSVNQT
IASITESMQSILDGLKNSVNVT,IASITESMQSILDGLKNSVNQT
IASITESMQSILDGLKNSSNQT,IASITESMQSILDGLKNSVNQT
IASITESMQSILDGLKNSHNQT,IASITESMQSILDGLKNSVNQT
IASITESMQSILDGLKNSVNFT,IASITESMQSILDGLKNSVNQT
IASITESMQSILDGLKNSVNQW,IASITESMQSILDGLKNSVNQT
IASITESMQSILDGLKNSVSQT,IASITESMQSILDGLKNSVNQT
VQTLRDEIGKKLHPIKRSVNLL,VQTLRDEIGKKLHPIARSVNLL
VQTLRDEIGKKLHPIARSVMLL,VQTLRDEIGKKLHPIARSVNLL
VNTLRDEIGKKLHPIARSVNLL,VQTLRDEIGKKLHPIARSVNLL
VQFLRDEIGKKLHPIARSVNLL,VQTLRDEIGKKLHPIARSVNLL
VQTLRDFIGKKLHPIARSVNLL,VQTLRDEIGKKLHPIARSVNLL
VQTLRDEISKKLHPIARSVNLL,VQTLRDEIGKKLHPIARSVNLL
VQTLRDEIGKKTHPIARSVNLL,VQTLRDEIGKKLHPIARSVNLL
VQTLRDEIGKKLHPICRSVNLL,VQTLRDEIGKKLHPIARSVNLL
VQTLRDEIGKKLHPIARSLNLL,VQTLRDEIGKKLHPIARSVNLL
VQTLRDEIGKKLHPIARSVALL,VQTLRDEIGKKLHPIARSVNLL
LEKIQTGLNSFLGAMAKDINEN,LEKIQTGLNSFLGAMAKAINEN
LEKIQTGLNSFLGAMAKEINEN,LEKIQTGLNSFLGAMAKAINEN
LEKIQTGLNSFLGAMAKNINEN,LEKIQTGLNSFLGAMAKAINEN
LEKIQTGLNSFLGAMAKRINEN,LEKIQTGLNSFLGAMAKAINEN
LEKIQTTLNSFLGAMAKAINEN,LEKIQTGLNSFLGAMAKAINEN
LEKIQTGLNSFLGAMAKCINEN,LEKIQTGLNSFLGAMAKAINEN
LEKIQTGLNSFLGAMAKMINEN,LEKIQTGLNSFLGAMAKAINEN
LEKIQTGLNSFLGAMAKQINEN,LEKIQTGLNSFLGAMAKAINEN
LEKIQTWLNSFLGAMAKAINEN,LEKIQTGLNSFLGAMAKAINEN
LEKIQTGLNSFLGAMAKKINEN,LEKIQTGLNSFLGAMAKAINEN
IESLTDYAEEIIKILANCMEEM,IESLTDYAEEIIKILANTMEEM
IESLTDYAEEIIKILANDMEEM,IESLTDYAEEIIKILANTMEEM
IESLTDYAEEIIKILANMMEEM,IESLTDYAEEIIKILANTMEEM
IESLTDYAEEIIKILANQMEEM,IESLTDYAEEIIKILANTMEEM
IESLTDSAEEIIKILANTMEEM,IESLTDYAEEIIKILANTMEEM
IESLTDYAEEIIKILANAMEEM,IESLTDYAEEIIKILANTMEEM
IESLTDYAEEIIKILANLMEEM,IESLTDYAEEIIKILANTMEEM
IESLTDYAEEIIKILANPMEEM,IESLTDYAEEIIKILANTMEEM
IESLTDVAEEIIKILANTMEEM,IESLTDYAEEIIKILANTMEEM
IESLTDYAEEIIKILANIMEEM,IESLTDYAEEIIKILANTMEEM
VSRLTGGLARIFGQLSAAFNRM,VSRLTGGLARIFGQLSAGFNRM
VSRLTGGLARIFGQLSAMFNRM,VSRLTGGLARIFGQLSAGFNRM
VSRLTGGLARIFGQLSAQFNRM,VSRLTGGLARIFGQLSAGFNRM
VSRLTGTLARIFGQLSAGFNRM,VSRLTGGLARIFGQLSAGFNRM
VSRLTGWLARIFGQLSAGFNRM,VSRLTGGLARIFGQLSAGFNRM
VSRLTGGLARIFGQLSARFNRM,VSRLTGGLARIFGQLSAGFNRM
VSRLTGGLARIFGQLSAKFNRM,VSRLTGGLARIFGQLSAGFNRM
VSRLTGGLARIFGQLSAHFNRM,VSRLTGGLARIFGQLSAGFNRM
VSRLTGGLARIFGQLSAWFNRM,VSRLTGGLARIFGQLSAGFNRM
VSRLTGGLARIFGQLSATFNRM,VSRLTGGLARIFGQLSAGFNRM
IREIVSAADRLFQKLNRCFNHM,IREIVSAADRLFQKLNRSFNHM
IREIVSAADRLFQKLNRDFNHM,IREIVSAADRLFQKLNRSFNHM
IREIVSAADRLFQKLNRMFNHM,IREIVSAADRLFQKLNRSFNHM
IREIVSAADRLFQKLNRQFNHM,IREIVSAADRLFQKLNRSFNHM
IREIVSTADRLFQKLNRSFNHM,IREIVSAADRLFQKLNRSFNHM
IREIVSAADRLFQKLNRAFNHM,IREIVSAADRLFQKLNRSFNHM
IREIVSAADRLFQKLNRLFNHM,IREIVSAADRLFQKLNRSFNHM
IREIVSAADRLFQKLNRPFNHM,IREIVSAADRLFQKLNRSFNHM
IREIVSWADRLFQKLNRSFNHM,IREIVSAADRLFQKLNRSFNHM
IREIVSAADRLFQKLNRIFNHM,IREIVSAADRLFQKLNRSFNHM
LASLRDASQRLLAETARDFNTM,LASLRDASQRLLAETARAFNTM
LASLRDASQRLLAETAREFNTM,LASLRDASQRLLAETARAFNTM
LASLRDASQRLLAETARNFNTM,LASLRDASQRLLAETARAFNTM
LASLRDASQRLLAETARRFNTM,LASLRDASQRLLAETARAFNTM
LASLRDTSQRLLAETARAFNTM,LASLRDASQRLLAETARAFNTM
LASLRDASQRLLAETARCFNTM,LASLRDASQRLLAETARAFNTM
LASLRDASQRLLAETARMFNTM,LASLRDASQRLLAETARAFNTM
LASLRDASQRLLAETARQFNTM,LASLRDASQRLLAETARAFNTM
LASLRDWSQRLLAETARAFNTM,LASLRDASQRLLAETARAFNTM
LASLRDASQRLLAETARKFNTM,LASLRDASQRLLAETARAFNTM
IQKLTLGMRNLFGQLQQDFNYL,IQKLTLGMRKLFGQLQQDFNYL
IQKLTLGMRKLFGQKQQDFNYL,IQKLTLGMRKLFGQLQQDFNYL
IQKLTLGMRKLFGQLQQGFNYL,IQKLTLGMRKLFGQLQQDFNYL
IQKLTLGMRWLFGQLQQDFNYL,IQKLTLGMRKLFGQLQQDFNYL
IQKLTLGMRKLFGQLQQSFNYL,IQKLTLGMRKLFGQLQQDFNYL
IQKLTLNMRKLFGQLQQDFNYL,IQKLTLGMRKLFGQLQQDFNYL
IQKLTLGMRKLFGQCQQDFNYL,IQKLTLGMRKLFGQLQQDFNYL
IQKLTLGMRKLFCQLQQDFNYL,IQKLTLGMRKLFGQLQQDFNYL
IQKLTLGMRKLFGQLMQDFNYL,IQKLTLGMRKLFGQLQQDFNYL
IQKLTLGMRKLFGQLQQYFNYL,IQKLTLGMRKLFGQLQQDFNYL
LQQIVSVTHSLISEIKRSVFSM,LQSIVSVTHSLISEIKRSVFSM
LQSTVSVTHSLISEIKRSVFSM,LQSIVSVTHSLISEIKRSVFSM
LQSIASVTHSLISEIKRSVFSM,LQSIVSVTHSLISEIKRSVFSM
LQSIVSVTHSLISEIKRSKFSM,LQSIVSVTHSLISEIKRSVFSM
LQSIVSVTHSLISEIKRSMFSM,LQSIVSVTHSLISEIKRSVFSM
LQSIVSVTRSLISEIKRSVFSM,LQSIVSVTHSLISEIKRSVFSM
LQSIVSVTHSVISEIKRSVFSM,LQSIVSVTHSLISEIKRSVFSM
LQSIVSVTHSLISEIKRSNFSM,LQSIVSVTHSLISEIKRSVFSM
LQSIVSVTHSLISEIKRSWFSM,LQSIVSVTHSLISEIKRSVFSM
LQSIVSVTHSLISEIKRSIFSM,LQSIVSVTHSLISEIKRSVFSM
LEESRKVLESMIGEMSVSANLF,LEESRKVLESMIGEMSVSINLF
LEESRKVLESMIGEMSVSSNLF,LEESRKVLESMIGEMSVSINLF
LEESRKVLESMIGEMSVSVNLF,LEESRKVLESMIGEMSVSINLF
LEEVRKVLESMIGEMSVSINLF,LEESRKVLESMIGEMSVSINLF
LEESRKVLESMIGEMSVSINVF,LEESRKVLESMIGEMSVSINLF
LEESRKVLESMIGEMSVSTNLF,LEESRKVLESMIGEMSVSINLF
LEESRKVLESMIGEMSVSHNLF,LEESRKVLESMIGEMSVSINLF
LEESRKVLESMIGEMSVSINFF,LEESRKVLESMIGEMSVSINLF
LEESRKVLESMIGEMSVSINLW,LEESRKVLESMIGEMSVSINLF
LEESRKVLESMIGEMSVSISLF,LEESRKVLESMIGEMSVSINLF
LHQLTDAMVNIFSKIINSDNIF,LHQLTDAMVNIFSKIINSFNIF
LHQLTDAMVNIFSKIINSFSIF,LHQLTDAMVNIFSKIINSFNIF
LHQLTDAMVNIFSKIINSFYIF,LHQLTDAMVNIFSKIINSFNIF
LHQLTDAMVNIFSKIINSFNIW,LHQLTDAMVNIFSKIINSFNIF
LHQCTDAMVNIFSKIINSFNIF,LHQLTDAMVNIFSKIINSFNIF
LHQSTDAMVNIFSKIINSFNIF,LHQLTDAMVNIFSKIINSFNIF
LHQLTDAMVNPFSKIINSFNIF,LHQLTDAMVNIFSKIINSFNIF
LHQLTDAMVNIFSKIINSFNYF,LHQLTDAMVNIFSKIINSFNIF
LHQATDAMVNIFSKIINSFNIF,LHQLTDAMVNIFSKIINSFNIF
LHQLTDAMVPIFSKIINSFNIF,LHQLTDAMVNIFSKIINSFNIF
SRKFSMETSKIMQSSIQVFNLM,LRKFSMETSKIMQSSIQVFNLM
LRKFYMETSKIMQSSIQVFNLM,LRKFSMETSKIMQSSIQVFNLM
LRKFSSETSKIMQSSIQVFNLM,LRKFSMETSKIMQSSIQVFNLM
LRKFSMETSKIMQSWIQVFNLM,LRKFSMETSKIMQSSIQVFNLM
LRKFSMETSKIMQSSYQVFNLM,LRKFSMETSKIMQSSIQVFNLM
LRKHSMETSKIMQSSIQVFNLM,LRKFSMETSKIMQSSIQVFNLM
LRKFSMHTSKIMQSSIQVFNLM,LRKFSMETSKIMQSSIQVFNLM
LRKFSMMTSKIMQSSIQVFNLM,LRKFSMETSKIMQSSIQVFNLM
LRKFSMYTSKIMQSSIQVFNLM,LRKFSMETSKIMQSSIQVFNLM
LRKFSMETSKIMQSHIQVFNLM,LRKFSMETSKIMQSSIQVFNLM
TREILDTTRLLFTKIADGFNAM,TREILDATRLLFTKIADGFNAM
TREILDATRLLFTKIADRFNAM,TREILDATRLLFTKIADGFNAM
TREILDATRLLFTKIADAFNAM,TREILDATRLLFTKIADGFNAM
TREILDATRLLFTKIADMFNAM,TREILDATRLLFTKIADGFNAM
TREILDATRLLFTKIADQFNAM,TREILDATRLLFTKIADGFNAM
TREILDWTRLLFTKIADGFNAM,TREILDATRLLFTKIADGFNAM
TREILDATRLLFTKIADKFNAM,TREILDATRLLFTKIADGFNAM
TREILDATRLLFTKIADNFNAM,TREILDATRLLFTKIADGFNAM
TREILDATRLLFTKIADHFNAM,TREILDATRLLFTKIADGFNAM
TREILDATRLLFTKIADDFNAM,TREILDATRLLFTKIADGFNAM
IAELVDRMHRIVGEIARAAVRF,IAELVDRMHRIVGEIARAVVRF
IAELVDRMHRIVGEIARARVRF,IAELVDRMHRIVGEIARAVVRF
IAELVDRMHRIVGEIARATVRF,IAELVDRMHRIVGEIARAVVRF
IAEVVDRMHRIVGEIARAVVRF,IAELVDRMHRIVGEIARAVVRF
IAELVDRMHRIVGEIARAVVVF,IAELVDRMHRIVGEIARAVVRF
IAELVDRMHRIVGEIARASVRF,IAELVDRMHRIVGEIARAVVRF
IAELVDRMHRIVGEIARAHVRF,IAELVDRMHRIVGEIARAVVRF
IAELVDRMHRIVGEIARAVVFF,IAELVDRMHRIVGEIARAVVRF
IAELVDRMHRIVGEIARAVVRW,IAELVDRMHRIVGEIARAVVRF
IAELVDRMHRIVGEIARAVRRF,IAELVDRMHRIVGEIARAVVRF
LSHLLSATKRVMSTVIERFNGM,LSHLLSATKRVMSTVIEAFNGM
LSHLLSTTKRVMSTVIEAFNGM,LSHLLSATKRVMSTVIEAFNGM
LSHLLSATKRVMSTVIENFNGM,LSHLLSATKRVMSTVIEAFNGM
LSHLLSATKRVMSTVIECFNGM,LSHLLSATKRVMSTVIEAFNGM
LSHLLSATKRVMSTVIEMFNGM,LSHLLSATKRVMSTVIEAFNGM
LSHLLSATKRVMSTVIEQFNGM,LSHLLSATKRVMSTVIEAFNGM
LSHLLSATKRVMSTVIEEFNGM,LSHLLSATKRVMSTVIEAFNGM
LSHLLSATKRVMSTVIEDFNGM,LSHLLSATKRVMSTVIEAFNGM
LSHLLSWTKRVMSTVIEAFNGM,LSHLLSATKRVMSTVIEAFNGM
LSHLLSATKRVMSTVIEKFNGM,LSHLLSATKRVMSTVIEAFNGM
LNRPVQVAESITAQLMRALSTM,LNRAVQVAESITAQLMRALSTM
LNRATQVAESITAQLMRALSTM,LNRAVQVAESITAQLMRALSTM
LNRAVQVAESITAQLVRALSTM,LNRAVQVAESITAQLMRALSTM
LARAVQVAESITAQLMRALSTM,LNRAVQVAESITAQLMRALSTM
LNRIVQVAESITAQLMRALSTM,LNRAVQVAESITAQLMRALSTM
LNRARQVAESITAQLMRALSTM,LNRAVQVAESITAQLMRALSTM
LNRAVQVANSITAQLMRALSTM,LNRAVQVAESITAQLMRALSTM
LNRAVQVAESITAQLMRALSAM,LNRAVQVAESITAQLMRALSTM
LNRAVQVAESITAQLMRALSPM,LNRAVQVAESITAQLMRALSTM
LNRAVQVAESITAQLMRALWTM,LNRAVQVAESITAQLMRALSTM
TPRIVHFMRKVLGQISQSFNEM,TNRIVHFMRKVLGQISQSFNEM
TNRIVHEMRKVLGQISQSFNEM,TNRIVHFMRKVLGQISQSFNEM
TNRIVHFMSKVLGQISQSFNEM,TNRIVHFMRKVLGQISQSFNEM
TNRIVHFMRKVLGQIAQSFNEM,TNRIVHFMRKVLGQISQSFNEM
TNRIVHFMRKVLGQISQSMNEM,TNRIVHFMRKVLGQISQSFNEM
TNMIVHFMRKVLGQISQSFNEM,TNRIVHFMRKVLGQISQSFNEM
TNRIVHFMRKVLGQIIQSFNEM,TNRIVHFMRKVLGQISQSFNEM
TNRIVHFMRKVLGQISFSFNEM,TNRIVHFMRKVLGQISQSFNEM
TNRIVHFMRKVLGQISQSFMEM,TNRIVHFMRKVLGQISQSFNEM
TNRIVHFMRKVTGQISQSFNEM,TNRIVHFMRKVLGQISQSFNEM
VKESVTTVGIVLIELKSVANSL,VKESVTTVGIVLIELKSVLNSL
VKESVTTVGIVLIELKSVSNSL,VKESVTTVGIVLIELKSVLNSL
VKESVTTVGIVLIELKSVVNSL,VKESVTTVGIVLIELKSVLNSL
VKEVVTTVGIVLIELKSVLNSL,VKESVTTVGIVLIELKSVLNSL
VKESVTTVGIVLIELKSVLNVL,VKESVTTVGIVLIELKSVLNSL
VKESVTTVGIVLIELKSVTNSL,VKESVTTVGIVLIELKSVLNSL
VKESVTTVGIVLIELKSVHNSL,VKESVTTVGIVLIELKSVLNSL
VKESVTTVGIVLIELKSVLNFL,VKESVTTVGIVLIELKSVLNSL
VKESVTTVGIVLIELKSVLNSW,VKESVTTVGIVLIELKSVLNSL
VKESVTTVGIVLIELKSVLSSL,VKESVTTVGIVLIELKSVLNSL
ILAINALLERVVDAIGGGVNQM,IGAINALLERVVDAIGGGVNQM
IGCINALLERVVDAIGGGVNQM,IGAINALLERVVDAIGGGVNQM
IGAQNALLERVVDAIGGGVNQM,IGAINALLERVVDAIGGGVNQM
IGAINALLERVVDQIGGGVNQM,IGAINALLERVVDAIGGGVNQM
IGAINALLERVVDAILGGVNQM,IGAINALLERVVDAIGGGVNQM
IGAINALLERVVDAITGGVNQM,IGAINALLERVVDAIGGGVNQM
IGAINALLERVVDAIGGGYNQM,IGAINALLERVVDAIGGGVNQM
IGAINALLERVVDAIGGGVNQI,IGAINALLERVVDAIGGGVNQM
IGAINALLERVVDAIGGGVNKM,IGAINALLERVVDAIGGGVNQM
IGAINALLERVVDAIGGGGNQM,IGAINALLERVVDAIGGGVNQM
QHKLTQAVERRVRPLVRSLNRL,LHKLTQAVERRVRPLVRSLNRL
LHKLTQAVCRRVRPLVRSLNRL,LHKLTQAVERRVRPLVRSLNRL
LHKLTQAVKRRVRPLVRSLNRL,LHKLTQAVERRVRPLVRSLNRL
LHKLTQAVERAVRPLVRSLNRL,LHKLTQAVERRVRPLVRSLNRL
LHKLTQAVERRVRPLVRSLNCL,LHKLTQAVERRVRPLVRSLNRL
LHKLTQAVERRVRPLVRSLNIL,LHKLTQAVERRVRPLVRSLNRL
LHKLTQAVERRVRPLVRSLNKL,LHKLTQAVERRVRPLVRSLNRL
LHKLTQAVERRVRPLVHSLNRL,LHKLTQAVERRVRPLVRSLNRL
LHKLTQAVERRVRPLRRSLNRL,LHKLTQAVERRVRPLVRSLNRL
LHKLTQAVERRVRLLVRSLNRL,LHKLTQAVERRVRPLVRSLNRL
LEALKTAAASVITQVQQSIRQM,LEALKQAAASVITQVQQSIRQM
LEALKQAAAHVITQVQQSIRQM,LEALKQAAASVITQVQQSIRQM
LEALKQAAASVITQVCQSIRQM,LEALKQAAASVITQVQQSIRQM
LEALKQAAASVITQVQQEIRQM,LEALKQAAASVITQVQQSIRQM
LEALKQASASVITQVQQSIRQM,LEALKQAAASVITQVQQSIRQM
LEALKQAAASVITQVQQNIRQM,LEALKQAAASVITQVQQSIRQM
LEALKQAAASVITQVQQVIRQM,LEALKQAAASVITQVQQSIRQM
LEALKQAAASVITQVFQSIRQM,LEALKQAAASVITQVQQSIRQM
LEALKQAAASVITQVQQTIRQM,LEALKQAAASVITQVQQSIRQM
LEALKQAAASVITQQQQSIRQM,LEALKQAAASVITQVQQSIRQM
VRQLVTAAERIFVHIGMALNGM,VRQLVTAAERIFVHIGDALNGM
VRQLVTAAERIFCHIGDALNGM,VRQLVTAAERIFVHIGDALNGM
VRQLVTAAERIFVHINDALNGM,VRQLVTAAERIFVHIGDALNGM
VRQLVTAAERIFVHIGDYLNGM,VRQLVTAAERIFVHIGDALNGM
VRQLVTNAERIFVHIGDALNGM,VRQLVTAAERIFVHIGDALNGM
VRQLVWAAERIFVHIGDALNGM,VRQLVTAAERIFVHIGDALNGM
VRQLVTQAERIFVHIGDALNGM,VRQLVTAAERIFVHIGDALNGM
VRQLVTAEERIFVHIGDALNGM,VRQLVTAAERIFVHIGDALNGM
VRQLVTAAERIFVHSGDALNGM,VRQLVTAAERIFVHIGDALNGM
VRQLVTAAERIFVHIGFALNGM,VRQLVTAAERIFVHIGDALNGM
IRSLEVAMSDVLGKLAQAFNQF,IRSLESAMSDVLGKLAQAFNQF
IRSLESAPSDVLGKLAQAFNQF,IRSLESAMSDVLGKLAQAFNQF
IRSLESAMSKVLGKLAQAFNQF,IRSLESAMSDVLGKLAQAFNQF
IRSLESAMSDVLAKLAQAFNQF,IRSLESAMSDVLGKLAQAFNQF
IRSLESAFSDVLGKLAQAFNQF,IRSLESAMSDVLGKLAQAFNQF
IRSLESAMSDVWGKLAQAFNQF,IRSLESAMSDVLGKLAQAFNQF
IRSLESAMSDVYGKLAQAFNQF,IRSLESAMSDVLGKLAQAFNQF
IRSLESAMSDVLGHLAQAFNQF,IRSLESAMSDVLGKLAQAFNQF
IRSLESAMSDVLGKNAQAFNQF,IRSLESAMSDVLGKLAQAFNQF
IRSLESAMSLVLGKLAQAFNQF,IRSLESAMSDVLGKLAQAFNQF
IRRIVTAMRKIFELMNKGFNSM,IRRIVTAMRKIFELMNKTFNSM
IRRIVTAMRKIFELMNKIFNSM,IRRIVTAMRKIFELMNKTFNSM
IRRIVTWMRKIFELMNKTFNSM,IRRIVTAMRKIFELMNKTFNSM
IRRIVTAMRKIFELMNKWFNSM,IRRIVTAMRKIFELMNKTFNSM
IRRIVTAMRKIFELMNKSFNSM,IRRIVTAMRKIFELMNKTFNSM
IRRIVTAMRKIFELMCKTFNSM,IRRIVTAMRKIFELMNKTFNSM
IRRIVTAMRKIFELMNKAFNSM,IRRIVTAMRKIFELMNKTFNSM
IRRIVTAMRKIFELMNKEFNSM,IRRIVTAMRKIFELMNKTFNSM
IRRIVTAMRKIFELMNKLFNSM,IRRIVTAMRKIFELMNKTFNSM
IRRIVTAMRKIFELMNKPFNSM,IRRIVTAMRKIFELMNKTFNSM
DQYWVSRIQAIIGILGNNIQQM,VQYWVSRIQAIIGILGNNIQQM
VQHWVSRIQAIIGILGNNIQQM,VQYWVSRIQAIIGILGNNIQQM
VQYWVARIQAIIGILGNNIQQM,VQYWVSRIQAIIGILGNNIQQM
VQYWVSRIQAIIGLLGNNIQQM,VQYWVSRIQAIIGILGNNIQQM
VQYWVSRIQAIIGILGNNIKQM,VQYWVSRIQAIIGILGNNIQQM
VQYWVSRIQAIIGILGNNIQRM,VQYWVSRIQAIIGILGNNIQQM
VQYWVSRIQAIIGILGNNIQQE,VQYWVSRIQAIIGILGNNIQQM
VQYWVSRIQAIIGILGNNIQQG,VQYWVSRIQAIIGILGNNIQQM
VQYWVSRIQAIIGILGNNIQQD,VQYWVSRIQAIIGILGNNIQQM
VQYWVSRIQAIIGILWNNIQQM,VQYWVSRIQAIIGILGNNIQQM
LQRLVNLADNVLGQLGDDFDNM,LQRLVNLADNVLGQLGDAFDNM
LQRLVNLADNVLGQLGDEFDNM,LQRLVNLADNVLGQLGDAFDNM
LQRLVNLADNVLGQLGDNFDNM,LQRLVNLADNVLGQLGDAFDNM
LQRLVNLADNVLGQLGDRFDNM,LQRLVNLADNVLGQLGDAFDNM
LQRLVNTADNVLGQLGDAFDNM,LQRLVNLADNVLGQLGDAFDNM
LQRLVNLADNVLGQLGDCFDNM,LQRLVNLADNVLGQLGDAFDNM
LQRLVNLADNVLGQLGDMFDNM,LQRLVNLADNVLGQLGDAFDNM
LQRLVNLADNVLGQLGDQFDNM,LQRLVNLADNVLGQLGDAFDNM
LQRLVNWADNVLGQLGDAFDNM,LQRLVNLADNVLGQLGDAFDNM
LQRLVNLADNVLGQLGDKFDNM,LQRLVNLADNVLGQLGDAFDNM
INTITEVFKKLIGQLANACDVF,INTITEVFKKLIGQLANAADVF
INTITEVFKKLIGQLANASDVF,INTITEVFKKLIGQLANAADVF
INTITEVFKKLIGQLANAVDVF,INTITEVFKKLIGQLANAADVF
INTVTEVFKKLIGQLANAADVF,INTITEVFKKLIGQLANAADVF
INTITEVFKKLIGQLANAADTF,INTITEVFKKLIGQLANAADVF
INTITEVFKKLIGQLANATDVF,INTITEVFKKLIGQLANAADVF
INTITEVFKKLIGQLANAIDVF,INTITEVFKKLIGQLANAADVF
INTITEVFKKLIGQLANAADFF,INTITEVFKKLIGQLANAADVF
INTITEVFKKLIGQLANAADVW,INTITEVFKKLIGQLANAADVF
INTITEVFKKLIGQLANAASVF,INTITEVFKKLIGQLANAADVF
LRMLTRQVESRLKPLVDALNGL,LRTLTRQVESRLKPLVDALNGL
LRTLTRQVESRLKPLVGALNGL,LRTLTRQVESRLKPLVDALNGL
LNTLTRQVESRLKPLVDALNGL,LRTLTRQVESRLKPLVDALNGL
LRTLTREVESRLKPLVDALNGL,LRTLTRQVESRLKPLVDALNGL
LRTLTRQVSSRLKPLVDALNGL,LRTLTRQVESRLKPLVDALNGL
LRTLTRQVESRLKPLADALNGL,LRTLTRQVESRLKPLVDALNGL
LRTLTRQVESRLKPLVDAMNGL,LRTLTRQVESRLKPLVDALNGL
LRRLTRQVESRLKPLVDALNGL,LRTLTRQVESRLKPLVDALNGL
LRTLTCQVESRLKPLVDALNGL,LRTLTRQVESRLKPLVDALNGL
LRTLTFQVESRLKPLVDALNGL,LRTLTRQVESRLKPLVDALNGL
INRLVERAQKIIGTLGTNIQNM,INRLVERIQKIIGTLGTNIQNM
INRLVERRQKIIGTLGTNIQNM,INRLVERIQKIIGTLGTNIQNM
INRLVERIQAIIGTLGTNIQNM,INRLVERIQKIIGTLGTNIQNM
INRLVERIQKIIGTFGTNIQNM,INRLVERIQKIIGTLGTNIQNM
INRLHERIQKIIGTLGTNIQNM,INRLVERIQKIIGTLGTNIQNM
INRLVEQIQKIIGTLGTNIQNM,INRLVERIQKIIGTLGTNIQNM
INRLVESIQKIIGTLGTNIQNM,INRLVERIQKIIGTLGTNIQNM
INRLVERGQKIIGTLGTNIQNM,INRLVERIQKIIGTLGTNIQNM
INRLVERIQKIIQTLGTNIQNM,INRLVERIQKIIGTLGTNIQNM
INRLVERIQKIIGTLGKNIQNM,INRLVERIQKIIGTLGTNIQNM
MAHMQSVIRRIMGDLGTDFNKL,MAHMQSVIRRIMGDLGTAFNKL
MAHMQSVIRRIMGDLGTEFNKL,MAHMQSVIRRIMGDLGTAFNKL
MAHMQSVIRRIMGDLGTNFNKL,MAHMQSVIRRIMGDLGTAFNKL
MAHMQSVIRRIMGDLGTRFNKL,MAHMQSVIRRIMGDLGTAFNKL
MAHMQSSIRRIMGDLGTAFNKL,MAHMQSVIRRIMGDLGTAFNKL
MAHMQSVIRRIMGDLGTCFNKL,MAHMQSVIRRIMGDLGTAFNKL
MAHMQSVIRRIMGDLGTMFNKL,MAHMQSVIRRIMGDLGTAFNKL
MAHMQSVIRRIMGDLGTQFNKL,MAHMQSVIRRIMGDLGTAFNKL
MAHMQSWIRRIMGDLGTAFNKL,MAHMQSVIRRIMGDLGTAFNKL
MAHMQSVIRRIMGDLGTKFNKL,MAHMQSVIRRIMGDLGTAFNKL
IKVATDYIVPIIGVMVQAADNM,IKVATDYIVPIIGVMVQAIDNM
IKVATDYIVPIIGVMVQASDNM,IKVATDYIVPIIGVMVQAIDNM
IKVATDYIVPIIGVMVQAVDNM,IKVATDYIVPIIGVMVQAIDNM
IKVVTDYIVPIIGVMVQAIDNM,IKVATDYIVPIIGVMVQAIDNM
IKVATDYIVPIIGVMVQAIDVM,IKVATDYIVPIIGVMVQAIDNM
IKVATDYIVPIIGVMVQATDNM,IKVATDYIVPIIGVMVQAIDNM
IKVATDYIVPIIGVMVQAHDNM,IKVATDYIVPIIGVMVQAIDNM
IKVATDYIVPIIGVMVQAIDFM,IKVATDYIVPIIGVMVQAIDNM
IKVATDYIVPIIGVMVQAIDNW,IKVATDYIVPIIGVMVQAIDNM
IKVATDYIVPIIGVMVQAISNM,IKVATDYIVPIIGVMVQAIDNM
LIWAVRRAEEIIGMLETAMDKI,LIKAVRRAEEIIGMLETAMDKI
LIKAWRRAEEIIGMLETAMDKI,LIKAVRRAEEIIGMLETAMDKI
LIKAVNRAEEIIGMLETAMDKI,LIKAVRRAEEIIGMLETAMDKI
LIKAVRDAEEIIGMLETAMDKI,LIKAVRRAEEIIGMLETAMDKI
LIKAVRRAERIIGMLETAMDKI,LIKAVRRAEEIIGMLETAMDKI
LIKAVRRAEEFIGMLETAMDKI,LIKAVRRAEEIIGMLETAMDKI
LIKAVRRAEEINGMLETAMDKI,LIKAVRRAEEIIGMLETAMDKI
LIKAVRRAEEIIGMLETAMDKT,LIKAVRRAEEIIGMLETAMDKI
LIKAVRRAEEIIGMLEWAMDKI,LIKAVRRAEEIIGMLETAMDKI
LIKAVRRAEEIIGRLETAMDKI,LIKAVRRAEEIIGMLETAMDKI
VKVIAQTTDSILGQLSSTANSL,VKVIAQTTDSILGQLSSTLNSL
VKVIAQTTDSILGQLSSTSNSL,VKVIAQTTDSILGQLSSTLNSL
VKVIAQTTDSILGQLSSTVNSL,VKVIAQTTDSILGQLSSTLNSL
VKVVAQTTDSILGQLSSTLNSL,VKVIAQTTDSILGQLSSTLNSL
VKVIAQTTDSILGQLSSTLNVL,VKVIAQTTDSILGQLSSTLNSL
VKVIAQTTDSILGQLSSTTNSL,VKVIAQTTDSILGQLSSTLNSL
VKVIAQTTDSILGQLSSTHNSL,VKVIAQTTDSILGQLSSTLNSL
VKVIAQTTDSILGQLSSTLNFL,VKVIAQTTDSILGQLSSTLNSL
VKVIAQTTDSILGQLSSTLNSW,VKVIAQTTDSILGQLSSTLNSL
VKVIAQTTDSILGQLSSTLSSL,VKVIAQTTDSILGQLSSTLNSL
LRLGIGTIQRMFGRLARHLEQL,LRLLIGTIQRMFGRLARHLEQL
LRLLIGGIQRMFGRLARHLEQL,LRLLIGTIQRMFGRLARHLEQL
LRLLIGTIQRMFGRHARHLEQL,LRLLIGTIQRMFGRLARHLEQL
LRLLIGTIQRMFGRLARHLEQA,LRLLIGTIQRMFGRLARHLEQL
LRLLIGTIQRMFGRLAEHLEQL,LRLLIGTIQRMFGRLARHLEQL
LRLLIGTIQRMFGRWARHLEQL,LRLLIGTIQRMFGRLARHLEQL
LRLLIGTIQRMFGRSARHLEQL,LRLLIGTIQRMFGRLARHLEQL
LRLLIGTDQRMFGRLARHLEQL,LRLLIGTIQRMFGRLARHLEQL
LRLLIGTIQRMFGRLYRHLEQL,LRLLIGTIQRMFGRLARHLEQL
LRLLIWTIQRMFGRLARHLEQL,LRLLIGTIQRMFGRLARHLEQL
IQEAANAAQRVVDELNRMFSEM,IQEAANAAQRVVDELNRSFSEM
IQEAANAAQRVVDELNRDFSEM,IQEAANAAQRVVDELNRSFSEM
IQEAANAAQRVVDELNRCFSEM,IQEAANAAQRVVDELNRSFSEM
IQEAANAAQRVVDELNRQFSEM,IQEAANAAQRVVDELNRSFSEM
IQEAANTAQRVVDELNRSFSEM,IQEAANAAQRVVDELNRSFSEM
IQEAANAAQRVVDELNRAFSEM,IQEAANAAQRVVDELNRSFSEM
IQEAANAAQRVVDELNRLFSEM,IQEAANAAQRVVDELNRSFSEM
IQEAANAAQRVVDELNRPFSEM,IQEAANAAQRVVDELNRSFSEM
IQEAANWAQRVVDELNRSFSEM,IQEAANAAQRVVDELNRSFSEM
IQEAANAAQRVVDELNRIFSEM,IQEAANAAQRVVDELNRSFSEM
LNAVVKIVDRFIGRVLSSVAAM,LNATVKIVDRFIGRVLSSVAAM
LNATVKIVDRFIGRVLSSRAAM,LNATVKIVDRFIGRVLSSVAAM
LNATVKIVDRFIGRVLSSTAAM,LNATVKIVDRFIGRVLSSVAAM
LNATVKIVDRFIGRVLSSVAVM,LNATVKIVDRFIGRVLSSVAAM
LNATVKIVDRFIGRVLSSSAAM,LNATVKIVDRFIGRVLSSVAAM
LNATVKIVDRFIGRVLSSHAAM,LNATVKIVDRFIGRVLSSVAAM
LNATVKIVDRFIGRVLSSAAAM,LNATVKIVDRFIGRVLSSVAAM
LNATVKIVDRFIGRVLSSVAGM,LNATVKIVDRFIGRVLSSVAAM
LNATVKIVDRFIGRVLSSVAAW,LNATVKIVDRFIGRVLSSVAAM
LNATVKIVDRFIGRVLSSVSAM,LNATVKIVDRFIGRVLSSVAAM
LHLLERQILKFVSRVGRDFHES,LHLLERQILKFVSRVGRAFHES
LHLLERQILKFVSRVGREFHES,LHLLERQILKFVSRVGRAFHES
LHLLERQILKFVSRVGRNFHES,LHLLERQILKFVSRVGRAFHES
LHLLERQILKFVSRVGRRFHES,LHLLERQILKFVSRVGRAFHES
LHLLERTILKFVSRVGRAFHES,LHLLERQILKFVSRVGRAFHES
LHLLERQILKFVSRVGRCFHES,LHLLERQILKFVSRVGRAFHES
LHLLERQILKFVSRVGRMFHES,LHLLERQILKFVSRVGRAFHES
LHLLERQILKFVSRVGRQFHES,LHLLERQILKFVSRVGRAFHES
LHLLERWILKFVSRVGRAFHES,LHLLERQILKFVSRVGRAFHES
LHLLERQILKFVSRVGRKFHES,LHLLERQILKFVSRVGRAFHES
LNAIQERIRARLTPLVAAFNDL,LNAIQERIRARLTPLVASFNDL
LNAIQERIRARLTPLVALFNDL,LNAIQERIRARLTPLVASFNDL
LNAIQERIRARLTPLVAPFNDL,LNAIQERIRARLTPLVASFNDL
LNAIQETIRARLTPLVASFNDL,LNAIQERIRARLTPLVASFNDL
LNAIQEWIRARLTPLVASFNDL,LNAIQERIRARLTPLVASFNDL
LNAIQERIRARLTPLVAIFNDL,LNAIQERIRARLTPLVASFNDL
LNAIQERIRARLTPLVAGFNDL,LNAIQERIRARLTPLVASFNDL
LNAIQERIRARLTPLVAQFNDL,LNAIQERIRARLTPLVASFNDL
LNAIQERIRARLTPLVAWFNDL,LNAIQERIRARLTPLVASFNDL
LNAIQERIRARLTPLVATFNDL,LNAIQERIRARLTPLVASFNDL
ISVLIQQAKEIEEDLAKTLNRM,ISVLIQQAKEIVEDLAKTLNRM
ISVLIQQAKEIVNDLAKTLNRM,ISVLIQQAKEIVEDLAKTLNRM
ISVLIQQAKEIVEDPAKTLNRM,ISVLIQQAKEIVEDLAKTLNRM
ISVLIQQAKEIVEDLWKTLNRM,ISVLIQQAKEIVEDLAKTLNRM
ISVLIQQAKEIVEDLAKTLNRG,ISVLIQQAKEIVEDLAKTLNRM
ISVLIQQAKEIVEDLAKTLNRE,ISVLIQQAKEIVEDLAKTLNRM
ISVLIQQAKEIVEDLAKTLNQM,ISVLIQQAKEIVEDLAKTLNRM
ISVLIQQAKEIVEDLAKTLKRM,ISVLIQQAKEIVEDLAKTLNRM
ISVLIQQAKEIVELLAKTLNRM,ISVLIQQAKEIVEDLAKTLNRM
ISVLIQQAKEIFEDLAKTLNRM,ISVLIQQAKEIVEDLAKTLNRM
VQESLWVCRNVLNELRASLNRL,VQESLEVCRNVLNELRASLNRL
VQESLEPCRNVLNELRASLNRL,VQESLEVCRNVLNELRASLNRL
VQESLEVERNVLNELRASLNRL,VQESLEVCRNVLNELRASLNRL
VQESLEVCRNVLNESRASLNRL,VQESLEVCRNVLNELRASLNRL
VQESLEVCRNVLNELRFSLNRL,VQESLEVCRNVLNELRASLNRL
VQESLEVCRNVLNELRASLNRA,VQESLEVCRNVLNELRASLNRL
VQESLEVCRNVLNELRMSLNRL,VQESLEVCRNVLNELRASLNRL
VQEGLEVCRNVLNELRASLNRL,VQESLEVCRNVLNELRASLNRL
VQESLEGCRNVLNELRASLNRL,VQESLEVCRNVLNELRASLNRL
VQESLEVCRNVLNEHRASLNRL,VQESLEVCRNVLNELRASLNRL
MKKLADAAHRIIGQVASAHERT,MKKLADAAHRIIGQVASAMERT
MKKLADAAHRIIGQVASATERT,MKKLADAAHRIIGQVASAMERT
MKKLADAAHRIIGQVASAMEFT,MKKLADAAHRIIGQVASAMERT
MKKVADAAHRIIGQVASAMERT,MKKLADAAHRIIGQVASAMERT
MKKLADAAHRIIGQVASAMEVT,MKKLADAAHRIIGQVASAMERT
MKKLADAAHRIIGQVASAMERW,MKKLADAAHRIIGQVASAMERT
MKKLADAAHRIIGQVASADERT,MKKLADAAHRIIGQVASAMERT
MKKLADAAHRIIGQVASAMSRT,MKKLADAAHRIIGQVASAMERT
MKKLADAAHRIIGQVASAMYRT,MKKLADAAHRIIGQVASAMERT
MKKSADAAHRIIGQVASAMERT,MKKLADAAHRIIGQVASAMERT
ILRLSEASQAILGILASMFNTM,ILRLSEASQAILGILASSFNTM
ILRLSEASQAILGILASQFNTM,ILRLSEASQAILGILASSFNTM
ILRLSEASQAILGILASDFNTM,ILRLSEASQAILGILASSFNTM
ILRLSETSQAILGILASSFNTM,ILRLSEASQAILGILASSFNTM
ILRLSEASQAILGILASCFNTM,ILRLSEASQAILGILASSFNTM
ILRLSEASQAILGILASAFNTM,ILRLSEASQAILGILASSFNTM
ILRLSEASQAILGILASLFNTM,ILRLSEASQAILGILASSFNTM
ILRLSEASQAILGILASPFNTM,ILRLSEASQAILGILASSFNTM
ILRLSEWSQAILGILASSFNTM,ILRLSEASQAILGILASSFNTM
ILRLSEASQAILGILASIFNTM,ILRLSEASQAILGILASSFNTM
LLALVKQADAILKRIVLNVNRM,LLALVKQADAILKRIVLAVNRM
LLALVKQADAILKRIVLEVNRM,LLALVKQADAILKRIVLAVNRM
LLALVKQADAILKRIVLDVNRM,LLALVKQADAILKRIVLAVNRM
LLALVKQADAILKRIVLRVNRM,LLALVKQADAILKRIVLAVNRM
LLALVKTADAILKRIVLAVNRM,LLALVKQADAILKRIVLAVNRM
LLALVKQADAILKRIVLCVNRM,LLALVKQADAILKRIVLAVNRM
LLALVKQADAILKRIVLMVNRM,LLALVKQADAILKRIVLAVNRM
LLALVKQADAILKRIVLQVNRM,LLALVKQADAILKRIVLAVNRM
LLALVKWADAILKRIVLAVNRM,LLALVKQADAILKRIVLAVNRM
LLALVKQADAILKRIVLKVNRM,LLALVKQADAILKRIVLAVNRM
LNSITDAMRRIFKMIASGANDM,LNSITDAMRRIFKMIASGINDM
LNSITDAMRRIFKMIASGSNDM,LNSITDAMRRIFKMIASGINDM
LNSITDAMRRIFKMIASGVNDM,LNSITDAMRRIFKMIASGINDM
LNSVTDAMRRIFKMIASGINDM,LNSITDAMRRIFKMIASGINDM
LNSITDAMRRIFKMIASGINVM,LNSITDAMRRIFKMIASGINDM
LNSITDAMRRIFKMIASGTNDM,LNSITDAMRRIFKMIASGINDM
LNSITDAMRRIFKMIASGHNDM,LNSITDAMRRIFKMIASGINDM
LNSITDAMRRIFKMIASGINGM,LNSITDAMRRIFKMIASGINDM
LNSITDAMRRIFKMIASGINDW,LNSITDAMRRIFKMIASGINDM
LNSITDAMRRIFKMIASGISDM,LNSITDAMRRIFKMIASGINDM
LDDVVEQLERLFNRLNTALEEM,LDNVVEQLERLFNRLNTALEEM
LDNVVEQLERLFNRLNTALEEY,LDNVVEQLERLFNRLNTALEEM
LDNVVEQLERLFNRLNTALEMM,LDNVVEQLERLFNRLNTALEEM
LDNVVEQLERLFNRLNTALHEM,LDNVVEQLERLFNRLNTALEEM
LDNVVEQLERLFNRTNTALEEM,LDNVVEQLERLFNRLNTALEEM
LDNVVEQLERLFNRLNTALEEC,LDNVVEQLERLFNRLNTALEEM
LDNVVEQLERLFERLNTALEEM,LDNVVEQLERLFNRLNTALEEM
LDNVVEQLERMFNRLNTALEEM,LDNVVEQLERLFNRLNTALEEM
LDNVVEQLELLFNRLNTALEEM,LDNVVEQLERLFNRLNTALEEM
LDKVVEQLERLFNRLNTALEEM,LDNVVEQLERLFNRLNTALEEM
FAWMKAEMDEVVGQLMDCFANM,FAWMKAEMDEVVGQLMDNFANM
FAWMKAEMDEVVGQLMDDFANM,FAWMKAEMDEVVGQLMDNFANM
FAWMKAEMDEVVGQLMDMFANM,FAWMKAEMDEVVGQLMDNFANM
FAWMKAEMDEVVGQLMDRFANM,FAWMKAEMDEVVGQLMDNFANM
FAWMKATMDEVVGQLMDNFANM,FAWMKAEMDEVVGQLMDNFANM
FAWMKAEMDEVVGQLMDAFANM,FAWMKAEMDEVVGQLMDNFANM
FAWMKAEMDEVVGQLMDLFANM,FAWMKAEMDEVVGQLMDNFANM
FAWMKAEMDEVVGQLMDQFANM,FAWMKAEMDEVVGQLMDNFANM
FAWMKAWMDEVVGQLMDNFANM,FAWMKAEMDEVVGQLMDNFANM
FAWMKAEMDEVVGQLMDIFANM,FAWMKAEMDEVVGQLMDNFANM
LVELTHASNQVIGELAMCFNDM,LVELTHASNQVIGELAMNFNDM
LVELTHASNQVIGELAMDFNDM,LVELTHASNQVIGELAMNFNDM
LVELTHASNQVIGELAMMFNDM,LVELTHASNQVIGELAMNFNDM
LVELTHASNQVIGELAMRFNDM,LVELTHASNQVIGELAMNFNDM
LVELTHTSNQVIGELAMNFNDM,LVELTHASNQVIGELAMNFNDM
LVELTHASNQVIGELAMAFNDM,LVELTHASNQVIGELAMNFNDM
LVELTHASNQVIGELAMLFNDM,LVELTHASNQVIGELAMNFNDM
LVELTHASNQVIGELAMQFNDM,LVELTHASNQVIGELAMNFNDM
LVELTHWSNQVIGELAMNFNDM,LVELTHASNQVIGELAMNFNDM
LVELTHASNQVIGELAMIFNDM,LVELTHASNQVIGELAMNFNDM
IGRTVTMIEEIIGRMAKTTDML,IGRTVTMIEEIIGRMAKTMDML
IGRTVTMIEEIIGRMAKTHDML,IGRTVTMIEEIIGRMAKTMDML
IGRVVTMIEEIIGRMAKTMDML,IGRTVTMIEEIIGRMAKTMDML
IGRTVTMIEEIIGRMAKTMDVL,IGRTVTMIEEIIGRMAKTMDML
IGRTVTMIEEIIGRMAKTMDFL,IGRTVTMIEEIIGRMAKTMDML
IGRTVTMIEEIIGRMAKTMDMW,IGRTVTMIEEIIGRMAKTMDML
IGRTVTMIEEIIGRMAKTDDML,IGRTVTMIEEIIGRMAKTMDML
IGRTVTMIEEIIGRMAKTMSML,IGRTVTMIEEIIGRMAKTMDML
IGRTVTMIEEIIGRMAKTMYML,IGRTVTMIEEIIGRMAKTMDML
IGRTVTMIEEIIGRMAKTSDML,IGRTVTMIEEIIGRMAKTMDML
LSDLRGVIRRVVSDTALAFNMM,LSDLRGVIRRVVSDTARAFNMM
LSDLRWVIRRVVSDTARAFNMM,LSDLRGVIRRVVSDTARAFNMM
LSDLRGPIRRVVSDTARAFNMM,LSDLRGVIRRVVSDTARAFNMM
LSDLRGVDRRVVSDTARAFNMM,LSDLRGVIRRVVSDTARAFNMM
LSDLRGVIRRVVCDTARAFNMM,LSDLRGVIRRVVSDTARAFNMM
LSDLRGVIRRVVSDRARAFNMM,LSDLRGVIRRVVSDTARAFNMM
LSDLRGVIRRVVSDTNRAFNMM,LSDLRGVIRRVVSDTARAFNMM
LSDLRGVIRRVVSDTAEAFNMM,LSDLRGVIRRVVSDTARAFNMM
LSDLRGVIRRVVSDTARYFNMM,LSDLRGVIRRVVSDTARAFNMM
LSDLRGVIRRVVSDTARAFNMA,LSDLRGVIRRVVSDTARAFNMM
